"id","type","gender","x","y","imageUrl","kind","color","size"
"Abello Vives Camilo José","circle","M",-2599.9524,360.8989,"https://dl.dropboxusercontent.com/u/38618778/empresarios2015/male1.1.png","persona","#B25FD6",2
"Acevedo Zuluaga Jorge Ignacio","circle","M",-3144.589,1888.659,"https://dl.dropboxusercontent.com/u/38618778/empresarios2015/male1.1.png","persona","#B25FD6",2
"Acosta Correa David Felipe","circle","M",-416.4403,-1004.8718,"https://dl.dropboxusercontent.com/u/38618778/empresarios2015/male1.1.png","persona","#B25FD6",2
"Agudelo Arango Ever","circle","M",-2600.6313,2230.4233,"https://dl.dropboxusercontent.com/u/38618778/empresarios2015/male1.1.png","persona","#B25FD6",2
"Agudelo Gómez Rafael Leon de la Cruz","circle","M",-2345.0842,3394.4602,"https://dl.dropboxusercontent.com/u/38618778/empresarios2015/male1.1.png","persona","#B25FD6",2
"Aguirre Martínez Andrés","circle","M",2685.4355,1334.79,"https://dl.dropboxusercontent.com/u/38618778/empresarios2015/male1.1.png","persona","#B25FD6",2
"Alajmo Carrizosa Pietro","circle","M",1764.9099,-1187.8704,"https://dl.dropboxusercontent.com/u/38618778/empresarios2015/male1.1.png","persona","#B25FD6",2
"Alarcón Mantilla Luis Fernando","circle","M",-111.3793,777.54425,"https://dl.dropboxusercontent.com/u/38618778/empresarios2015/male1.1.png","persona","#B25FD6",2
"Alarcon Philippe","circle","M",1538.4412,-290.6642,"https://dl.dropboxusercontent.com/u/38618778/empresarios2015/male1.1.png","persona","#B25FD6",2
"Alarcón Villar José Manuel","circle","M",-508.85236,-2731.7317,"https://dl.dropboxusercontent.com/u/38618778/empresarios2015/male1.1.png","persona","#B25FD6",2
"Albornoz Rugeles Monica","circle","F",1888.8641,3320.8135,"https://dl.dropboxusercontent.com/u/38618778/empresarios2015/female1.1.png","persona","#B25FD6",2
"Alfonso Vargas Edgar Augusto","circle","M",3606.4702,2672.0596,"https://dl.dropboxusercontent.com/u/38618778/empresarios2015/male1.1.png","persona","#B25FD6",2
"Alkosto","circle","",2782.554,506.3499,"https://dl.dropboxusercontent.com/u/38618778/empresarios2015/desk.png","empresa","#3CB1F9",5
"Alloway Mark","circle","M",4208.6816,-1123.3782,"https://dl.dropboxusercontent.com/u/38618778/empresarios2015/male1.1.png","persona","#B25FD6",2
"Alpina","circle","",112.41578,3937.9587,"https://dl.dropboxusercontent.com/u/38618778/empresarios2015/desk.png","empresa","#3CB1F9",5
"Álvarez Álvarez Julio","circle","M",1979.0996,-918.9823,"https://dl.dropboxusercontent.com/u/38618778/empresarios2015/male1.1.png","persona","#B25FD6",2
"Álvarez Posada Jorge","circle","M",3665.3118,246.46243,"https://dl.dropboxusercontent.com/u/38618778/empresarios2015/male1.1.png","persona","#B25FD6",2
"Álvarez-Calderón Meléndez Guillermo","circle","M",-1825.773,-2995.618,"https://dl.dropboxusercontent.com/u/38618778/empresarios2015/male1.1.png","persona","#B25FD6",2
"Álvarez-Pallete López José María","circle","M",2169.2239,-3638.9194,"https://dl.dropboxusercontent.com/u/38618778/empresarios2015/male1.1.png","persona","#B25FD6",2
"Amador Andrade Mauricio","circle","M",2221.2024,1388.4286,"https://dl.dropboxusercontent.com/u/38618778/empresarios2015/male1.1.png","persona","#B25FD6",2
"Andueza Fouque Jorge","circle","M",-2425.0193,-1404.7643,"https://dl.dropboxusercontent.com/u/38618778/empresarios2015/male1.1.png","persona","#B25FD6",2
"Angulo García Mauricio","circle","M",-2732.8975,2811.5142,"https://dl.dropboxusercontent.com/u/38618778/empresarios2015/male1.1.png","persona","#B25FD6",2
"Aparicio Smith Mónica","circle","F",566.38763,2357.914,"https://dl.dropboxusercontent.com/u/38618778/empresarios2015/female1.1.png","persona","#B25FD6",2
"Arana Velasco Alfredo","circle","M",3003.9907,2944.1243,"https://dl.dropboxusercontent.com/u/38618778/empresarios2015/male1.1.png","persona","#B25FD6",2
"Aranda Moreno Sergio Manuel","circle","M",467.24533,-2284.9937,"https://dl.dropboxusercontent.com/u/38618778/empresarios2015/male1.1.png","persona","#B25FD6",2
"Arango Cano Celestino","circle","M",2772.0745,2913.928,"https://dl.dropboxusercontent.com/u/38618778/empresarios2015/male1.1.png","persona","#B25FD6",2
"Arango Mesa Sol Beatriz","circle","F",2068.5571,1642.9558,"https://dl.dropboxusercontent.com/u/38618778/empresarios2015/female1.1.png","persona","#B25FD6",2
"Arango Uribe Ana Cristina","circle","F",-3158.3984,737.5855,"https://dl.dropboxusercontent.com/u/38618778/empresarios2015/female1.1.png","persona","#B25FD6",2
"Arango Uribe Carlos Guillermo","circle","M",4056.9143,-541.67535,"https://dl.dropboxusercontent.com/u/38618778/empresarios2015/male1.1.png","persona","#B25FD6",2
"Arango Vélez Luis Carlos","circle","M",2463.9092,1825.5856,"https://dl.dropboxusercontent.com/u/38618778/empresarios2015/male1.1.png","persona","#B25FD6",2
"Arata Izquiel José Francisco","circle","M",1154.1993,2752.781,"https://dl.dropboxusercontent.com/u/38618778/empresarios2015/male1.1.png","persona","#B25FD6",2
"Araújo Castro Santander Alfredo","circle","M",-3824.6523,-150.57404,"https://dl.dropboxusercontent.com/u/38618778/empresarios2015/male1.1.png","persona","#B25FD6",2
"Arbeláez Bolaños Fernando","circle","M",-447.77548,-2130.9978,"https://dl.dropboxusercontent.com/u/38618778/empresarios2015/male1.1.png","persona","#B25FD6",2
"Arbeláez Sierra Luis Fernando","circle","M",1873.6421,1142.6989,"https://dl.dropboxusercontent.com/u/38618778/empresarios2015/male1.1.png","persona","#B25FD6",2
"Arboleda Casas Sergio","circle","M",816.6832,-1413.5303,"https://dl.dropboxusercontent.com/u/38618778/empresarios2015/male1.1.png","persona","#B25FD6",2
"Arboleda Noel de Jesús","circle","M",-365.64694,-3806.1985,"https://dl.dropboxusercontent.com/u/38618778/empresarios2015/male1.1.png","persona","#B25FD6",2
"Archila Cabal Juan Carlos","circle","M",3606.0994,-2533.9324,"https://dl.dropboxusercontent.com/u/38618778/empresarios2015/male1.1.png","persona","#B25FD6",2
"Ardila Calderon Gerardo","circle","M",-1636.6964,-1999.6895,"https://dl.dropboxusercontent.com/u/38618778/empresarios2015/male1.1.png","persona","#B25FD6",2
"Ardila Duarte Rafael","circle","M",2253.5276,-870.08307,"https://dl.dropboxusercontent.com/u/38618778/empresarios2015/male1.1.png","persona","#B25FD6",2
"Ardila Gaviria Antonio José","circle","M",2262.5793,-2993.7766,"https://dl.dropboxusercontent.com/u/38618778/empresarios2015/male1.1.png","persona","#B25FD6",2
"Ardila Lulle Carlos","circle","M",2073.5012,-3112.1108,"https://dl.dropboxusercontent.com/u/38618778/empresarios2015/male1.1.png","persona","#B25FD6",2
"Arias Giraldo Fabio","circle","M",-975.08746,-1558.1982,"https://dl.dropboxusercontent.com/u/38618778/empresarios2015/male1.1.png","persona","#B25FD6",2
"Aristizábal Londoño Tatyana","circle","M",2530.659,1159.7178,"https://dl.dropboxusercontent.com/u/38618778/empresarios2015/male1.1.png","persona","#B25FD6",2
"Aristizábal Restrepo María Clara","circle","F",-1544.2296,1035.9733,"https://dl.dropboxusercontent.com/u/38618778/empresarios2015/female1.1.png","persona","#B25FD6",2
"Arrieta Padilla Carlos Gustavo","circle","M",-1822.1713,1226.3127,"https://dl.dropboxusercontent.com/u/38618778/empresarios2015/male1.1.png","persona","#B25FD6",2
"Arroyave Lema Alberto","circle","M",2469.9766,831.68317,"https://dl.dropboxusercontent.com/u/38618778/empresarios2015/male1.1.png","persona","#B25FD6",2
"Avianca","circle","",276.37366,2585.4385,"https://dl.dropboxusercontent.com/u/38618778/empresarios2015/desk.png","empresa","#3CB1F9",5
"Ayerbe Muñoz Felipe","circle","M",2176.3992,-153.93658,"https://dl.dropboxusercontent.com/u/38618778/empresarios2015/male1.1.png","persona","#B25FD6",2
"Ayerbe Muñoz Julio Manuel","circle","M",-2256.1772,-3071.3718,"https://dl.dropboxusercontent.com/u/38618778/empresarios2015/male1.1.png","persona","#B25FD6",2
"Azevedo  Duarte Nilo","circle","M",-3516.8828,-2668.5796,"https://dl.dropboxusercontent.com/u/38618778/empresarios2015/male1.1.png","persona","#B25FD6",2
"Azqueta Sánchez-Arjona Javier","circle","M",2419.7014,-3773.7131,"https://dl.dropboxusercontent.com/u/38618778/empresarios2015/male1.1.png","persona","#B25FD6",2
"Balbin A Luis Fernando","circle","M",-166.00114,-3923.4448,"https://dl.dropboxusercontent.com/u/38618778/empresarios2015/male1.1.png","persona","#B25FD6",2
"Banco de Bogotá","circle","",686.2572,-1056.0808,"https://dl.dropboxusercontent.com/u/38618778/empresarios2015/desk.png","empresa","#3CB1F9",5
"Banco de Occidente","circle","",2982.1416,-425.35284,"https://dl.dropboxusercontent.com/u/38618778/empresarios2015/desk.png","empresa","#3CB1F9",5
"Bancolombia","circle","",-2251.123,1919.1781,"https://dl.dropboxusercontent.com/u/38618778/empresarios2015/desk.png","empresa","#3CB1F9",5
"Barbier Denis","circle","M",1283.9323,951.6397,"https://dl.dropboxusercontent.com/u/38618778/empresarios2015/male1.1.png","persona","#B25FD6",2
"Barco García César Luis","circle","M",-1843.6913,2042.3732,"https://dl.dropboxusercontent.com/u/38618778/empresarios2015/male1.1.png","persona","#B25FD6",2
"Barrero Varela Silvia","circle","F",1443.3083,-3957.5728,"https://dl.dropboxusercontent.com/u/38618778/empresarios2015/female1.1.png","persona","#B25FD6",2
"Barreto Barrios Jose Carlos","circle","M",-2500.4712,-1255.4142,"https://dl.dropboxusercontent.com/u/38618778/empresarios2015/male1.1.png","persona","#B25FD6",2
"Basset Eric Eloy","circle","M",894.4821,-4400.003,"https://dl.dropboxusercontent.com/u/38618778/empresarios2015/male1.1.png","persona","#B25FD6",2
"Bavaria","circle","",2935.9924,-2010.216,"https://dl.dropboxusercontent.com/u/38618778/empresarios2015/desk.png","empresa","#3CB1F9",5
"BBVA","circle","",-1527.2809,-375.50327,"https://dl.dropboxusercontent.com/u/38618778/empresarios2015/desk.png","empresa","#3CB1F9",5
"Bejarano Gutiérrez de Piñeres Claudia","circle","F",3789.381,-140.9758,"https://dl.dropboxusercontent.com/u/38618778/empresarios2015/female1.1.png","persona","#B25FD6",2
"Benavides Estévez-Breton Juan","circle","M",-3434.9182,996.48584,"https://dl.dropboxusercontent.com/u/38618778/empresarios2015/male1.1.png","persona","#B25FD6",2
"Bernal Correa Andrés","circle","M",2247.9087,1084.8878,"https://dl.dropboxusercontent.com/u/38618778/empresarios2015/male1.1.png","persona","#B25FD6",2
"Bernal Gómez Ernesto","circle","M",-2856.7898,2655.5327,"https://dl.dropboxusercontent.com/u/38618778/empresarios2015/male1.1.png","persona","#B25FD6",2
"Berrío Zapata Douglas","circle","M",1904.9438,-1150.1917,"https://dl.dropboxusercontent.com/u/38618778/empresarios2015/male1.1.png","persona","#B25FD6",2
"Betancourt Azcárate Claudia Beatriz","circle","F",-1804.0432,-260.79074,"https://dl.dropboxusercontent.com/u/38618778/empresarios2015/female1.1.png","persona","#B25FD6",2
"Beuls Marc","circle","M",1538.3741,3877.3882,"https://dl.dropboxusercontent.com/u/38618778/empresarios2015/male1.1.png","persona","#B25FD6",2
"Bialer Alexander","circle","M",385.53876,2252.0708,"https://dl.dropboxusercontent.com/u/38618778/empresarios2015/male1.1.png","persona","#B25FD6",2
"Biomax","circle","",1762.6606,-1907.6517,"https://dl.dropboxusercontent.com/u/38618778/empresarios2015/desk.png","empresa","#3CB1F9",5
"Bojanini García David Emilio","circle","M",-2448.6167,1200.5101,"https://dl.dropboxusercontent.com/u/38618778/empresarios2015/male1.1.png","persona","#B25FD6",2
"Bonilla González Ricardo","circle","M",-336.7099,-1152.8081,"https://dl.dropboxusercontent.com/u/38618778/empresarios2015/male1.1.png","persona","#B25FD6",2
"Bonilla Otoya Liliana","circle","F",3319.9001,-514.5357,"https://dl.dropboxusercontent.com/u/38618778/empresarios2015/female1.1.png","persona","#B25FD6",2
"Bonilla Rodríguez Martha Aurora","circle","F",497.79803,3766.8809,"https://dl.dropboxusercontent.com/u/38618778/empresarios2015/female1.1.png","persona","#B25FD6",2
"Botero Mejía Elias","circle","M",2593.2334,2413.574,"https://dl.dropboxusercontent.com/u/38618778/empresarios2015/male1.1.png","persona","#B25FD6",2
"Botero Soto Juan Fernando","circle","M",-1527.1614,831.6878,"https://dl.dropboxusercontent.com/u/38618778/empresarios2015/male1.1.png","persona","#B25FD6",2
"Bravo Restrepo Oscar Andres","circle","M",-2145.0352,-912.6784,"https://dl.dropboxusercontent.com/u/38618778/empresarios2015/male1.1.png","persona","#B25FD6",2
"Buendia Gutiérrez Carolina","circle","F",-2439.8123,3630.8008,"https://dl.dropboxusercontent.com/u/38618778/empresarios2015/female1.1.png","persona","#B25FD6",2
"Caballero Argáez Carlos","circle","M",-1208.8489,-103.86875,"https://dl.dropboxusercontent.com/u/38618778/empresarios2015/male1.1.png","persona","#B25FD6",2
"Caballero Herrera Nelson","circle","M",2239.1052,2075.562,"https://dl.dropboxusercontent.com/u/38618778/empresarios2015/male1.1.png","persona","#B25FD6",2
"Cabrales Martínez Orlando","circle","M",-928.6362,-646.50494,"https://dl.dropboxusercontent.com/u/38618778/empresarios2015/male1.1.png","persona","#B25FD6",2
"Cabrera Galvis Mauricio","circle","M",-329.6324,-1994.2285,"https://dl.dropboxusercontent.com/u/38618778/empresarios2015/male1.1.png","persona","#B25FD6",2
"Cabrera Izquierdo Oscar","circle","M",-1588.3712,-561.40845,"https://dl.dropboxusercontent.com/u/38618778/empresarios2015/male1.1.png","persona","#B25FD6",2
"Caicedo Douat Carlos Alberto","circle","M",-755.8316,3123.9578,"https://dl.dropboxusercontent.com/u/38618778/empresarios2015/male1.1.png","persona","#B25FD6",2
"Caicedo Fernández Luis Fernando","circle","M",2470.9138,3340.0125,"https://dl.dropboxusercontent.com/u/38618778/empresarios2015/male1.1.png","persona","#B25FD6",2
"Caicedo Gómez Pablo","circle","M",738.35486,-3948.4875,"https://dl.dropboxusercontent.com/u/38618778/empresarios2015/male1.1.png","persona","#B25FD6",2
"Caicedo Jaramillo César","circle","M",3172.5845,-59.00841,"https://dl.dropboxusercontent.com/u/38618778/empresarios2015/male1.1.png","persona","#B25FD6",2
"Calle Restrepo Juan Esteban","circle","M",967.74554,594.9566,"https://dl.dropboxusercontent.com/u/38618778/empresarios2015/male1.1.png","persona","#B25FD6",2
"Camacho Paez Juan Manuel","circle","M",-3289.566,2431.4456,"https://dl.dropboxusercontent.com/u/38618778/empresarios2015/male1.1.png","persona","#B25FD6",2
"Camargo Mejía Mauricio","circle","M",1129.995,1932.354,"https://dl.dropboxusercontent.com/u/38618778/empresarios2015/male1.1.png","persona","#B25FD6",2
"Campillo Orozco Mauricio","circle","M",986.01324,1966.9196,"https://dl.dropboxusercontent.com/u/38618778/empresarios2015/male1.1.png","persona","#B25FD6",2
"Caprecom","circle","",-4204.1694,-1370.5787,"https://dl.dropboxusercontent.com/u/38618778/empresarios2015/desk.png","empresa","#3CB1F9",5
"Carbones del Cerrejón","circle","",3853.1584,162.67746,"https://dl.dropboxusercontent.com/u/38618778/empresarios2015/desk.png","empresa","#3CB1F9",5
"Cárdenas Müller Mauricio","circle","M",2528.4534,-1262.578,"https://dl.dropboxusercontent.com/u/38618778/empresarios2015/male1.1.png","persona","#B25FD6",2
"Cárdenas Santamaría Mauricio","circle","M",-957.9445,1347.1847,"https://dl.dropboxusercontent.com/u/38618778/empresarios2015/male1.1.png","persona","#B25FD6",2
"Cardona Uribe José Fernando","circle","M",-4416.5435,428.23776,"https://dl.dropboxusercontent.com/u/38618778/empresarios2015/male1.1.png","persona","#B25FD6",2
"Carrasquilla Barrera Alberto","circle","M",-1789.0262,4004.6606,"https://dl.dropboxusercontent.com/u/38618778/empresarios2015/male1.1.png","persona","#B25FD6",2
"Carrizosa Calle Martín","circle","M",-1905.1293,-3267.6006,"https://dl.dropboxusercontent.com/u/38618778/empresarios2015/male1.1.png","persona","#B25FD6",2
"Carvajal","circle","",162.74632,1271.2335,"https://dl.dropboxusercontent.com/u/38618778/empresarios2015/desk.png","empresa","#3CB1F9",5
"Carvajal  Carlos Alberto","circle","M",3488.102,-2297.348,"https://dl.dropboxusercontent.com/u/38618778/empresarios2015/male1.1.png","persona","#B25FD6",2
"Carvajal Albán Luis Felipe","circle","M",346.14856,1532.5704,"https://dl.dropboxusercontent.com/u/38618778/empresarios2015/male1.1.png","persona","#B25FD6",2
"Carvajal Bonnet Álvaro","circle","M",4415.654,-740.00024,"https://dl.dropboxusercontent.com/u/38618778/empresarios2015/male1.1.png","persona","#B25FD6",2
"Carvajal Cabal Alberto","circle","M",-162.02289,1193.2264,"https://dl.dropboxusercontent.com/u/38618778/empresarios2015/male1.1.png","persona","#B25FD6",2
"Carvajal Restrepo Luis Eduardo","circle","M",-1723.187,1319.3486,"https://dl.dropboxusercontent.com/u/38618778/empresarios2015/male1.1.png","persona","#B25FD6",2
"Carvajal Sinisterra Gustavo Adolfo","circle","M",515.34436,1364.9478,"https://dl.dropboxusercontent.com/u/38618778/empresarios2015/male1.1.png","persona","#B25FD6",2
"Castellanos Reyes Erick Camilo","circle","M",3170.4358,-2545.3906,"https://dl.dropboxusercontent.com/u/38618778/empresarios2015/male1.1.png","persona","#B25FD6",2
"Castellanos Rodríguez Claudia Lucía","circle","F",-1073.4127,-1721.079,"https://dl.dropboxusercontent.com/u/38618778/empresarios2015/female1.1.png","persona","#B25FD6",2
"Castillo Jaramillo Gustavo Efrnaín","circle","M",1246.4381,-4061.5232,"https://dl.dropboxusercontent.com/u/38618778/empresarios2015/male1.1.png","persona","#B25FD6",2
"Castro Castillo Marco Tulio","circle","M",-3810.7898,-590.21704,"https://dl.dropboxusercontent.com/u/38618778/empresarios2015/male1.1.png","persona","#B25FD6",2
"Celedon Manotas Hernando","circle","M",-3438.94,-919.52277,"https://dl.dropboxusercontent.com/u/38618778/empresarios2015/male1.1.png","persona","#B25FD6",2
"Celia Martínez-Aparicio Antonio Mario","circle","M",-1396.7881,475.13092,"https://dl.dropboxusercontent.com/u/38618778/empresarios2015/male1.1.png","persona","#B25FD6",2
"Celia Martínez-Aparicio Gian Piero","circle","M",-3343.0603,-1091.4541,"https://dl.dropboxusercontent.com/u/38618778/empresarios2015/male1.1.png","persona","#B25FD6",2
"Celsia","circle","",-3098.028,1139.9348,"https://dl.dropboxusercontent.com/u/38618778/empresarios2015/desk.png","empresa","#3CB1F9",5
"Cementos Argos","circle","",-2151.106,403.78525,"https://dl.dropboxusercontent.com/u/38618778/empresarios2015/desk.png","empresa","#3CB1F9",5
"Cemex","circle","",416.56543,4411.481,"https://dl.dropboxusercontent.com/u/38618778/empresarios2015/desk.png","empresa","#3CB1F9",5
"Ceron Coral Jaime Horacio","circle","M",-1654.9014,3995.087,"https://dl.dropboxusercontent.com/u/38618778/empresarios2015/male1.1.png","persona","#B25FD6",2
"Cerrejón Zona Norte","circle","",3739.6304,813.0517,"https://dl.dropboxusercontent.com/u/38618778/empresarios2015/desk.png","empresa","#3CB1F9",5
"Cerromatoso","circle","",3348.5461,2852.8347,"https://dl.dropboxusercontent.com/u/38618778/empresarios2015/desk.png","empresa","#3CB1F9",5
"Char Abdala Farid","circle","M",-3286.2634,-1334.7433,"https://dl.dropboxusercontent.com/u/38618778/empresarios2015/male1.1.png","persona","#B25FD6",2
"Char Abdala Jabib","circle","M",-3624.8025,-1063.0187,"https://dl.dropboxusercontent.com/u/38618778/empresarios2015/male1.1.png","persona","#B25FD6",2
"Char Chaljub Antonio","circle","M",-3488.0908,-1552.0863,"https://dl.dropboxusercontent.com/u/38618778/empresarios2015/male1.1.png","persona","#B25FD6",2
"Chaveryriat Roca Frédéric","circle","M",-2839.5999,-828.95294,"https://dl.dropboxusercontent.com/u/38618778/empresarios2015/male1.1.png","persona","#B25FD6",2
"Chazarra Bernabe Pedro","circle","M",900.48975,-2405.435,"https://dl.dropboxusercontent.com/u/38618778/empresarios2015/male1.1.png","persona","#B25FD6",2
"Chevron","circle","",1809.1477,3157.3445,"https://dl.dropboxusercontent.com/u/38618778/empresarios2015/desk.png","empresa","#3CB1F9",5
"Cifuentes Muñoz Felipe","circle","M",-1568.376,-740.97076,"https://dl.dropboxusercontent.com/u/38618778/empresarios2015/male1.1.png","persona","#B25FD6",2
"Claro Fijo","circle","",3408.623,-2536.8801,"https://dl.dropboxusercontent.com/u/38618778/empresarios2015/desk.png","empresa","#3CB1F9",5
"Claro Móvil","circle","",3406.721,-2558.8027,"https://dl.dropboxusercontent.com/u/38618778/empresarios2015/desk.png","empresa","#3CB1F9",5
"CocaCola Femsa","circle","",1546.6643,-3976.1765,"https://dl.dropboxusercontent.com/u/38618778/empresarios2015/desk.png","empresa","#3CB1F9",5
"Codensa","circle","",-534.0378,-793.00244,"https://dl.dropboxusercontent.com/u/38618778/empresarios2015/desk.png","empresa","#3CB1F9",5
"Colanta","circle","",-496.25525,-4058.7153,"https://dl.dropboxusercontent.com/u/38618778/empresarios2015/desk.png","empresa","#3CB1F9",5
"Colmotores","circle","",-1792.9855,-3980.252,"https://dl.dropboxusercontent.com/u/38618778/empresarios2015/desk.png","empresa","#3CB1F9",5
"Colpatria","circle","",-1667.0568,-3107.9993,"https://dl.dropboxusercontent.com/u/38618778/empresarios2015/desk.png","empresa","#3CB1F9",5
"Colsanitas","circle","",-2034.2563,3683.8833,"https://dl.dropboxusercontent.com/u/38618778/empresarios2015/desk.png","empresa","#3CB1F9",5
"Colsubsidio","circle","",2543.281,2172.4214,"https://dl.dropboxusercontent.com/u/38618778/empresarios2015/desk.png","empresa","#3CB1F9",5
"Compensar","circle","",-1101.8585,3687.0083,"https://dl.dropboxusercontent.com/u/38618778/empresarios2015/desk.png","empresa","#3CB1F9",5
"Conner Conner Stephen Lee","circle","M",1655.002,3420.007,"https://dl.dropboxusercontent.com/u/38618778/empresarios2015/male1.1.png","persona","#B25FD6",2
"Coomeva","circle","",2737.2585,3144.4812,"https://dl.dropboxusercontent.com/u/38618778/empresarios2015/desk.png","empresa","#3CB1F9",5
"Córdoba Garces Rosario","circle","M",-3170.796,195.86676,"https://dl.dropboxusercontent.com/u/38618778/empresarios2015/male1.1.png","persona","#B25FD6",2
"Cormane Fandiño Javier Ignacio","circle","M",-1166.55,3338.721,"https://dl.dropboxusercontent.com/u/38618778/empresarios2015/male1.1.png","persona","#B25FD6",2
"Coronado Orjuela María Eugenia","circle","F",607.5888,-2251.8188,"https://dl.dropboxusercontent.com/u/38618778/empresarios2015/female1.1.png","persona","#B25FD6",2
"Correa Robledo Alvaro","circle","M",-3085.7634,1650.2986,"https://dl.dropboxusercontent.com/u/38618778/empresarios2015/male1.1.png","persona","#B25FD6",2
"Cortázar Mora Beatriz","circle","F",493.514,4014.5085,"https://dl.dropboxusercontent.com/u/38618778/empresarios2015/female1.1.png","persona","#B25FD6",2
"Cortés Arango Gloria Inés","circle","F",-1521.3499,2531.5635,"https://dl.dropboxusercontent.com/u/38618778/empresarios2015/female1.1.png","persona","#B25FD6",2
"Cortés Arango Maria Cristina Gloria Inés","circle","F",-4408.3765,695.34045,"https://dl.dropboxusercontent.com/u/38618778/empresarios2015/female1.1.png","persona","#B25FD6",2
"Cortés Gómez Salvador Francisco","circle","M",3619.8503,-2396.0347,"https://dl.dropboxusercontent.com/u/38618778/empresarios2015/male1.1.png","persona","#B25FD6",2
"Crepaldi Edvaldo Luiz","circle","M",-1973.3035,-3747.8035,"https://dl.dropboxusercontent.com/u/38618778/empresarios2015/male1.1.png","persona","#B25FD6",2
"Crispín Martínez Sandra Liliana","circle","F",-817.89545,3715.5417,"https://dl.dropboxusercontent.com/u/38618778/empresarios2015/female1.1.png","persona","#B25FD6",2
"Cruells Ricardo Andrés","circle","M",-1649.631,-2838.6807,"https://dl.dropboxusercontent.com/u/38618778/empresarios2015/male1.1.png","persona","#B25FD6",2
"Crump Carvajal Mary Alice","circle","F",-84.63703,1594.8243,"https://dl.dropboxusercontent.com/u/38618778/empresarios2015/female1.1.png","persona","#B25FD6",2
"Cuartas Tamayo Daniel Fernando","circle","M",-459.85086,-4352.021,"https://dl.dropboxusercontent.com/u/38618778/empresarios2015/male1.1.png","persona","#B25FD6",2
"Cuberos De Las Casas Felipe Andrés","circle","M",-1289.5157,-3037.8735,"https://dl.dropboxusercontent.com/u/38618778/empresarios2015/male1.1.png","persona","#B25FD6",2
"Cuéllar De Jaramillo Ana María","circle","F",1233.9211,-1495.3677,"https://dl.dropboxusercontent.com/u/38618778/empresarios2015/female1.1.png","persona","#B25FD6",2
"Cuestas Gómez Jose Mauricio","circle","M",-3901.6892,2087.2422,"https://dl.dropboxusercontent.com/u/38618778/empresarios2015/male1.1.png","persona","#B25FD6",2
"Cuneo Solari Juan Bautista","circle","M",-2771.218,-3284.7275,"https://dl.dropboxusercontent.com/u/38618778/empresarios2015/male1.1.png","persona","#B25FD6",2
"Cure Cure Carlos","circle","M",125.50266,7.808335,"https://dl.dropboxusercontent.com/u/38618778/empresarios2015/male1.1.png","persona","#B25FD6",2
"Da Silva Nogueira Filipe","circle","M",1050.2556,246.76105,"https://dl.dropboxusercontent.com/u/38618778/empresarios2015/male1.1.png","persona","#B25FD6",2
"Dávila Armas Carlos Enrique","circle","M",3555.1174,1137.8629,"https://dl.dropboxusercontent.com/u/38618778/empresarios2015/male1.1.png","persona","#B25FD6",2
"Davivienda","circle","",4211.6177,-753.48315,"https://dl.dropboxusercontent.com/u/38618778/empresarios2015/desk.png","empresa","#3CB1F9",5
"De Avila Benítez Isabel Cristina","circle","F",-4324.2446,-1140.6884,"https://dl.dropboxusercontent.com/u/38618778/empresarios2015/female1.1.png","persona","#B25FD6",2
"de Francisco Caballero Santiago","circle","M",-2188.4307,-3833.7222,"https://dl.dropboxusercontent.com/u/38618778/empresarios2015/male1.1.png","persona","#B25FD6",2
"De Francisco Valenzuela Camilo","circle","M",-751.17163,310.6638,"https://dl.dropboxusercontent.com/u/38618778/empresarios2015/male1.1.png","persona","#B25FD6",2
"De Greiff Lindo Monica","circle","F",-4393.045,233.69064,"https://dl.dropboxusercontent.com/u/38618778/empresarios2015/female1.1.png","persona","#B25FD6",2
"De la Campa  Miguel Ángel","circle","M",1200.3832,2604.2556,"https://dl.dropboxusercontent.com/u/38618778/empresarios2015/male1.1.png","persona","#B25FD6",2
"De la Espriella Ossio Alfonso","circle","M",860.9436,-813.0898,"https://dl.dropboxusercontent.com/u/38618778/empresarios2015/male1.1.png","persona","#B25FD6",2
"De Mares Colom Alfonso","circle","M",487.7365,-2992.2993,"https://dl.dropboxusercontent.com/u/38618778/empresarios2015/male1.1.png","persona","#B25FD6",2
"Delgado Rivera Miguel Ángel","circle","M",-247.33167,-1833.9847,"https://dl.dropboxusercontent.com/u/38618778/empresarios2015/male1.1.png","persona","#B25FD6",2
"Desjaques Yves","circle","M",1136.2914,-242.6717,"https://dl.dropboxusercontent.com/u/38618778/empresarios2015/male1.1.png","persona","#B25FD6",2
"Diaz Pinilla Norma Yaneth","circle","F",2396.1018,2493.5,"https://dl.dropboxusercontent.com/u/38618778/empresarios2015/female1.1.png","persona","#B25FD6",2
"Diazgranados Alzamora Joaquin Alfredo","circle","M",-3375.3884,-1678.7695,"https://dl.dropboxusercontent.com/u/38618778/empresarios2015/male1.1.png","persona","#B25FD6",2
"Díez Gómez Carlos Mario","circle","M",1547.3202,184.34859,"https://dl.dropboxusercontent.com/u/38618778/empresarios2015/male1.1.png","persona","#B25FD6",2
"Dirube Santiago","circle","M",-1468.6777,-3009.8672,"https://dl.dropboxusercontent.com/u/38618778/empresarios2015/male1.1.png","persona","#B25FD6",2
"Dortch Kenneth Pearce","circle","M",-4310.5923,-345.46124,"https://dl.dropboxusercontent.com/u/38618778/empresarios2015/male1.1.png","persona","#B25FD6",2
"Drummond","circle","",-3971.2559,-403.0973,"https://dl.dropboxusercontent.com/u/38618778/empresarios2015/desk.png","empresa","#3CB1F9",5
"Duarte Duarte Mauricio Alfonso","circle","M",-274.50708,-3208.9397,"https://dl.dropboxusercontent.com/u/38618778/empresarios2015/male1.1.png","persona","#B25FD6",2
"Duarte Ribeiro Gilson Antonio","circle","M",2067.3813,3076.1797,"https://dl.dropboxusercontent.com/u/38618778/empresarios2015/male1.1.png","persona","#B25FD6",2
"Durán Martínez Camilo Francisco","circle","M",-3063.8015,2491.0923,"https://dl.dropboxusercontent.com/u/38618778/empresarios2015/male1.1.png","persona","#B25FD6",2
"Dussán Villaveces Manuel Ignacio","circle","M",-2976.5674,1274.6141,"https://dl.dropboxusercontent.com/u/38618778/empresarios2015/male1.1.png","persona","#B25FD6",2
"Dyner Rezonow Bernardo","circle","M",-2329.7441,-820.9298,"https://dl.dropboxusercontent.com/u/38618778/empresarios2015/male1.1.png","persona","#B25FD6",2
"EAAB","circle","",-1750.5267,-2122.6396,"https://dl.dropboxusercontent.com/u/38618778/empresarios2015/desk.png","empresa","#3CB1F9",5
"Echavarría Arango Daniel","circle","M",-2600.1907,-2609.2756,"https://dl.dropboxusercontent.com/u/38618778/empresarios2015/male1.1.png","persona","#B25FD6",2
"Echavarría Olano Álvaro Andres","circle","M",-3091.875,-3035.271,"https://dl.dropboxusercontent.com/u/38618778/empresarios2015/male1.1.png","persona","#B25FD6",2
"Echeverri Correa Fabio","circle","M",2195.476,-3860.6387,"https://dl.dropboxusercontent.com/u/38618778/empresarios2015/male1.1.png","persona","#B25FD6",2
"Echeverry Garzón Luis Alberto Gonzalo","circle","M",-2053.26,3945.9248,"https://dl.dropboxusercontent.com/u/38618778/empresarios2015/male1.1.png","persona","#B25FD6",2
"Ecopetrol","circle","",-954.5172,1693.5629,"https://dl.dropboxusercontent.com/u/38618778/empresarios2015/desk.png","empresa","#3CB1F9",5
"Eddy Maccoy Paul Gordon","circle","M",-1697.3757,-3416.3718,"https://dl.dropboxusercontent.com/u/38618778/empresarios2015/male1.1.png","persona","#B25FD6",2
"Edward Talintyre Nicholas John","circle","M",3584.0757,970.7277,"https://dl.dropboxusercontent.com/u/38618778/empresarios2015/male1.1.png","persona","#B25FD6",2
"EEB","circle","",-639.68256,-1689.2366,"https://dl.dropboxusercontent.com/u/38618778/empresarios2015/desk.png","empresa","#3CB1F9",5
"Efromovich Germán","circle","M",609.93463,2804.6853,"https://dl.dropboxusercontent.com/u/38618778/empresarios2015/male1.1.png","persona","#B25FD6",2
"Efromovich José","circle","M",641.02075,2608.2246,"https://dl.dropboxusercontent.com/u/38618778/empresarios2015/male1.1.png","persona","#B25FD6",2
"Electricaribe","circle","",712.8524,-2661.097,"https://dl.dropboxusercontent.com/u/38618778/empresarios2015/desk.png","empresa","#3CB1F9",5
"Elizondo  Jaime","circle","M",36.51408,4478.2734,"https://dl.dropboxusercontent.com/u/38618778/empresarios2015/male1.1.png","persona","#B25FD6",2
"Emcali","circle","",-474.2882,2704.2883,"https://dl.dropboxusercontent.com/u/38618778/empresarios2015/desk.png","empresa","#3CB1F9",5
"Emgesa","circle","",49.403053,-729.3964,"https://dl.dropboxusercontent.com/u/38618778/empresarios2015/desk.png","empresa","#3CB1F9",5
"EPM","circle","",1954.506,741.7675,"https://dl.dropboxusercontent.com/u/38618778/empresarios2015/desk.png","empresa","#3CB1F9",5
"Eraso Calero Carlos Fernando","circle","M",-11.712986,220.01917,"https://dl.dropboxusercontent.com/u/38618778/empresarios2015/male1.1.png","persona","#B25FD6",2
"Escobar Miguel Fernando","circle","M",1872.2234,-2702.5374,"https://dl.dropboxusercontent.com/u/38618778/empresarios2015/male1.1.png","persona","#B25FD6",2
"Escovar Gómez Sylvia","circle","F",-2812.3936,-1331.1746,"https://dl.dropboxusercontent.com/u/38618778/empresarios2015/female1.1.png","persona","#B25FD6",2
"Escudero Gómez Juan Rafael","circle","M",-1543.4298,-74.011536,"https://dl.dropboxusercontent.com/u/38618778/empresarios2015/male1.1.png","persona","#B25FD6",2
"Esguerra Portocarrero Juan Carlos","circle","M",-183.74721,188.66786,"https://dl.dropboxusercontent.com/u/38618778/empresarios2015/male1.1.png","persona","#B25FD6",2
"ETB","circle","",-547.5509,-2854.9612,"https://dl.dropboxusercontent.com/u/38618778/empresarios2015/desk.png","empresa","#3CB1F9",5
"Éxito","circle","",1309.4742,61.69492,"https://dl.dropboxusercontent.com/u/38618778/empresarios2015/desk.png","empresa","#3CB1F9",5
"Exxonmobil","circle","",-3060.5432,2718.8538,"https://dl.dropboxusercontent.com/u/38618778/empresarios2015/desk.png","empresa","#3CB1F9",5
"Fajardo Pinto Ernesto","circle","M",-308.06195,4012.2007,"https://dl.dropboxusercontent.com/u/38618778/empresarios2015/male1.1.png","persona","#B25FD6",2
"Fajardo Zilleruelo Rodrigo Agustín","circle","M",-2779.4265,-2718.6755,"https://dl.dropboxusercontent.com/u/38618778/empresarios2015/male1.1.png","persona","#B25FD6",2
"Familia","circle","",781.20886,-3658.9927,"https://dl.dropboxusercontent.com/u/38618778/empresarios2015/desk.png","empresa","#3CB1F9",5
"Fernández Andrade Rubén Hernando","circle","M",2114.9443,474.754,"https://dl.dropboxusercontent.com/u/38618778/empresarios2015/male1.1.png","persona","#B25FD6",2
"Fernández de Soto Valderrama Néstor","circle","M",2919.9822,1928.7189,"https://dl.dropboxusercontent.com/u/38618778/empresarios2015/male1.1.png","persona","#B25FD6",2
"Fernández González Juan Pablo","circle","M",-262.16412,4204.327,"https://dl.dropboxusercontent.com/u/38618778/empresarios2015/male1.1.png","persona","#B25FD6",2
"Fernandez Mejía Luisa","circle","F",-3962.1438,-829.3166,"https://dl.dropboxusercontent.com/u/38618778/empresarios2015/female1.1.png","persona","#B25FD6",2
"Fernández Navarro Rafael","circle","M",1686.8118,-3722.516,"https://dl.dropboxusercontent.com/u/38618778/empresarios2015/male1.1.png","persona","#B25FD6",2
"Fernández Rodríguez Pastor","circle","M",336.33072,4051.3574,"https://dl.dropboxusercontent.com/u/38618778/empresarios2015/male1.1.png","persona","#B25FD6",2
"Fernandez Vélez Gabriel Enrique","circle","M",-3196.7078,3005.7659,"https://dl.dropboxusercontent.com/u/38618778/empresarios2015/male1.1.png","persona","#B25FD6",2
"Ferreira Rueda Horacio","circle","M",-934.87103,1871.1974,"https://dl.dropboxusercontent.com/u/38618778/empresarios2015/male1.1.png","persona","#B25FD6",2
"Fierro Montes Cristian","circle","M",-209.25708,-933.4446,"https://dl.dropboxusercontent.com/u/38618778/empresarios2015/male1.1.png","persona","#B25FD6",2
"Figueroa Jaramillo Alejandro Augusto","circle","M",1449.4373,-1048.642,"https://dl.dropboxusercontent.com/u/38618778/empresarios2015/male1.1.png","persona","#B25FD6",2
"Flórez Camacho Enrique","circle","M",4154.716,-376.61932,"https://dl.dropboxusercontent.com/u/38618778/empresarios2015/male1.1.png","persona","#B25FD6",2
"Fonseca Arenas Sandra Stella","circle","F",5.739027,-1190.1573,"https://dl.dropboxusercontent.com/u/38618778/empresarios2015/female1.1.png","persona","#B25FD6",2
"Fonseca Salamanca Urbano","circle","M",-4190.1113,-1598.1658,"https://dl.dropboxusercontent.com/u/38618778/empresarios2015/male1.1.png","persona","#B25FD6",2
"Forero Fonseca Efraín Enrique","circle","M",4331.918,-516.4788,"https://dl.dropboxusercontent.com/u/38618778/empresarios2015/male1.1.png","persona","#B25FD6",2
"Francois David","circle","M",1132.5956,1265.0087,"https://dl.dropboxusercontent.com/u/38618778/empresarios2015/male1.1.png","persona","#B25FD6",2
"Fuentes Pablo","circle","M",593.2941,-3529.5786,"https://dl.dropboxusercontent.com/u/38618778/empresarios2015/male1.1.png","persona","#B25FD6",2
"Furer Matthew Bruce","circle","M",3565.36,674.24915,"https://dl.dropboxusercontent.com/u/38618778/empresarios2015/male1.1.png","persona","#B25FD6",2
"Galindo Vélez Joaquin","circle","M",398.3868,-697.2838,"https://dl.dropboxusercontent.com/u/38618778/empresarios2015/male1.1.png","persona","#B25FD6",2
"Gallego Palacio Carlos Ignacio","circle","M",-2472.2576,824.6022,"https://dl.dropboxusercontent.com/u/38618778/empresarios2015/male1.1.png","persona","#B25FD6",2
"Gallego Vásquez Juan Esteban","circle","M",582.2413,3924.1077,"https://dl.dropboxusercontent.com/u/38618778/empresarios2015/male1.1.png","persona","#B25FD6",2
"Gallo Restrepo Luis Gonzalo","circle","M",557.6765,957.5998,"https://dl.dropboxusercontent.com/u/38618778/empresarios2015/male1.1.png","persona","#B25FD6",2
"Garcés Jordán Jorge","circle","M",-2708.6753,-657.62604,"https://dl.dropboxusercontent.com/u/38618778/empresarios2015/male1.1.png","persona","#B25FD6",2
"García Cañizares Juan Carlos","circle","M",2750.7278,-2331.1155,"https://dl.dropboxusercontent.com/u/38618778/empresarios2015/male1.1.png","persona","#B25FD6",2
"García Sanleandro José","circle","M",401.11353,-2800.764,"https://dl.dropboxusercontent.com/u/38618778/empresarios2015/male1.1.png","persona","#B25FD6",2
"García-Moreno Elizondo Carlos José","circle","M",3261.0442,-2374.1504,"https://dl.dropboxusercontent.com/u/38618778/empresarios2015/male1.1.png","persona","#B25FD6",2
"Gas Natural","circle","",411.80002,-1823.3091,"https://dl.dropboxusercontent.com/u/38618778/empresarios2015/desk.png","empresa","#3CB1F9",5
"Gaviria Correa Aníbal","circle","M",1920.877,1006.63806,"https://dl.dropboxusercontent.com/u/38618778/empresarios2015/male1.1.png","persona","#B25FD6",2
"Gaviria Jansa Ricardo","circle","M",3278.2036,3087.7185,"https://dl.dropboxusercontent.com/u/38618778/empresarios2015/male1.1.png","persona","#B25FD6",2
"Gaviria Muñoz Simón","circle","M",-1153.7186,1951.609,"https://dl.dropboxusercontent.com/u/38618778/empresarios2015/male1.1.png","persona","#B25FD6",2
"Gazmuri Schleyer Lorenzo","circle","M",-2119.9946,-1136.2009,"https://dl.dropboxusercontent.com/u/38618778/empresarios2015/male1.1.png","persona","#B25FD6",2
"Giorgini Stefano","circle","M",3343.469,2607.1025,"https://dl.dropboxusercontent.com/u/38618778/empresarios2015/male1.1.png","persona","#B25FD6",2
"Giraldo Arango Jorge Esteban","circle","M",-2938.432,164.1268,"https://dl.dropboxusercontent.com/u/38618778/empresarios2015/male1.1.png","persona","#B25FD6",2
"Giraldo Bejarano Juan Pablo","circle","M",-2615.2847,-773.1732,"https://dl.dropboxusercontent.com/u/38618778/empresarios2015/male1.1.png","persona","#B25FD6",2
"Giraldo Moreno Carlos Mario","circle","M",762.64764,378.45532,"https://dl.dropboxusercontent.com/u/38618778/empresarios2015/male1.1.png","persona","#B25FD6",2
"Gnecco Iglesias Nelson Rafael","circle","M",-4253.0664,852.6826,"https://dl.dropboxusercontent.com/u/38618778/empresarios2015/male1.1.png","persona","#B25FD6",2
"Goggel Bonilla Andrés","circle","M",-160.79536,4111.005,"https://dl.dropboxusercontent.com/u/38618778/empresarios2015/male1.1.png","persona","#B25FD6",2
"Gómez Alzate Camilo Alberto","circle","M",-1707.287,3678.2458,"https://dl.dropboxusercontent.com/u/38618778/empresarios2015/male1.1.png","persona","#B25FD6",2
"Gómez Arango Jaime Gilberto","circle","M",-4174.5977,314.42566,"https://dl.dropboxusercontent.com/u/38618778/empresarios2015/male1.1.png","persona","#B25FD6",2
"Gómez Cerón Gustavo","circle","M",-976.38934,-831.14294,"https://dl.dropboxusercontent.com/u/38618778/empresarios2015/male1.1.png","persona","#B25FD6",2
"Gómez Jaramillo Alvaro","circle","M",414.72873,-3583.8704,"https://dl.dropboxusercontent.com/u/38618778/empresarios2015/male1.1.png","persona","#B25FD6",2
"Gómez Jaramillo José Antonio","circle","M",1163.5486,-3600.9182,"https://dl.dropboxusercontent.com/u/38618778/empresarios2015/male1.1.png","persona","#B25FD6",2
"Gómez McEwen Luis Carlos","circle","M",-591.51306,-3862.0652,"https://dl.dropboxusercontent.com/u/38618778/empresarios2015/male1.1.png","persona","#B25FD6",2
"Gómez Palacio Alfonso","circle","M",2673.723,-3576.7732,"https://dl.dropboxusercontent.com/u/38618778/empresarios2015/male1.1.png","persona","#B25FD6",2
"Gómez Pineda Goizueta Iñigo Iñigo","circle","M",-2500.2515,3527.2092,"https://dl.dropboxusercontent.com/u/38618778/empresarios2015/male1.1.png","persona","#B25FD6",2
"Gómez Restrepo Hernando José","circle","M",-2563.6946,2164.8677,"https://dl.dropboxusercontent.com/u/38618778/empresarios2015/male1.1.png","persona","#B25FD6",2
"González Apango Fernando","circle","M",3345.2517,-2789.8594,"https://dl.dropboxusercontent.com/u/38618778/empresarios2015/male1.1.png","persona","#B25FD6",2
"González Estrada Tomás","circle","M",-394.51306,1163.3137,"https://dl.dropboxusercontent.com/u/38618778/empresarios2015/male1.1.png","persona","#B25FD6",2
"González Fernando","circle","M",700.58203,4429.178,"https://dl.dropboxusercontent.com/u/38618778/empresarios2015/male1.1.png","persona","#B25FD6",2
"González González Lucia Margarita","circle","F",-1932.3682,1256.9655,"https://dl.dropboxusercontent.com/u/38618778/empresarios2015/female1.1.png","persona","#B25FD6",2
"González Luz Mary","circle","F",2213.1711,2323.682,"https://dl.dropboxusercontent.com/u/38618778/empresarios2015/female1.1.png","persona","#B25FD6",2
"González Villa Sergio León","circle","M",-258.4017,-4341.0527,"https://dl.dropboxusercontent.com/u/38618778/empresarios2015/male1.1.png","persona","#B25FD6",2
"Gorricho Visiers Jose Andres","circle","M",-2295.6526,3563.8,"https://dl.dropboxusercontent.com/u/38618778/empresarios2015/male1.1.png","persona","#B25FD6",2
"Grahne Johan Mikael","circle","M",1715.8595,4112.7974,"https://dl.dropboxusercontent.com/u/38618778/empresarios2015/male1.1.png","persona","#B25FD6",2
"Grajales Jiménez Joseba","circle","M",-1855.859,3514.1685,"https://dl.dropboxusercontent.com/u/38618778/empresarios2015/male1.1.png","persona","#B25FD6",2
"Grimaldos Franco Diego Fernando","circle","M",613.54517,-2911.8418,"https://dl.dropboxusercontent.com/u/38618778/empresarios2015/male1.1.png","persona","#B25FD6",2
"Grosso Sandoval Guillermo Enrique","circle","M",4025.7078,1054.9727,"https://dl.dropboxusercontent.com/u/38618778/empresarios2015/male1.1.png","persona","#B25FD6",2
"Grupo Argos","circle","",-2900.8284,588.10535,"https://dl.dropboxusercontent.com/u/38618778/empresarios2015/desk.png","empresa","#3CB1F9",5
"Gundermann Wylie Enrique","circle","M",-2817.15,-2551.2053,"https://dl.dropboxusercontent.com/u/38618778/empresarios2015/male1.1.png","persona","#B25FD6",2
"Gutiérrez Botero Maria Lorena","circle","F",-3814.671,2190.9614,"https://dl.dropboxusercontent.com/u/38618778/empresarios2015/female1.1.png","persona","#B25FD6",2
"Gutiérrez Navarro Luis Felipe","circle","M",2817.8232,2338.6768,"https://dl.dropboxusercontent.com/u/38618778/empresarios2015/male1.1.png","persona","#B25FD6",2
"Gutiérrez Navarro Miguel Ignacio","circle","M",2115.5442,-1931.9661,"https://dl.dropboxusercontent.com/u/38618778/empresarios2015/male1.1.png","persona","#B25FD6",2
"Gutiérrez Pemberthy Javier Genaro","circle","M",-1316.6903,1754.9642,"https://dl.dropboxusercontent.com/u/38618778/empresarios2015/male1.1.png","persona","#B25FD6",2
"Gutiérrez Vergara Mauricio","circle","M",3020.6448,-157.97511,"https://dl.dropboxusercontent.com/u/38618778/empresarios2015/male1.1.png","persona","#B25FD6",2
"Harries Grant James","circle","M",3279.9128,-1782.3374,"https://dl.dropboxusercontent.com/u/38618778/empresarios2015/male1.1.png","persona","#B25FD6",2
"Heins Finkenstaedt Guillermo","circle","M",-3082.7288,309.0367,"https://dl.dropboxusercontent.com/u/38618778/empresarios2015/male1.1.png","persona","#B25FD6",2
"Henao Moreno Carlos Fernando","circle","M",1262.3715,285.40744,"https://dl.dropboxusercontent.com/u/38618778/empresarios2015/male1.1.png","persona","#B25FD6",2
"Herrera Lozano José Alejandro","circle","M",-880.29224,-994.8543,"https://dl.dropboxusercontent.com/u/38618778/empresarios2015/male1.1.png","persona","#B25FD6",2
"Hidalgo Salazar Andrés","circle","M",3269.6372,-2818.2446,"https://dl.dropboxusercontent.com/u/38618778/empresarios2015/male1.1.png","persona","#B25FD6",2
"Hommes Rodríguez Rudolf","circle","M",3191.5415,-1917.4606,"https://dl.dropboxusercontent.com/u/38618778/empresarios2015/male1.1.png","persona","#B25FD6",2
"Hurtado Ana Matilde","circle","F",-1745.6528,-1771.0663,"https://dl.dropboxusercontent.com/u/38618778/empresarios2015/female1.1.png","persona","#B25FD6",2
"Iacono Serafino","circle","M",1338.1312,2721.9407,"https://dl.dropboxusercontent.com/u/38618778/empresarios2015/male1.1.png","persona","#B25FD6",2
"Ibáñez Londoño Ana María","circle","F",1623.2975,318.37796,"https://dl.dropboxusercontent.com/u/38618778/empresarios2015/female1.1.png","persona","#B25FD6",2
"Iragorri Rizo Mauricio","circle","M",3029.1992,-628.79285,"https://dl.dropboxusercontent.com/u/38618778/empresarios2015/male1.1.png","persona","#B25FD6",2
"ISA","circle","",289.337,764.5485,"https://dl.dropboxusercontent.com/u/38618778/empresarios2015/desk.png","empresa","#3CB1F9",5
"Isagen","circle","",281.51315,232.0513,"https://dl.dropboxusercontent.com/u/38618778/empresarios2015/desk.png","empresa","#3CB1F9",5
"Isaza Delgado José Fernando","circle","M",537.7319,-394.31293,"https://dl.dropboxusercontent.com/u/38618778/empresarios2015/male1.1.png","persona","#B25FD6",2
"Jacks Carlos","circle","M",822.6321,4362.0938,"https://dl.dropboxusercontent.com/u/38618778/empresarios2015/male1.1.png","persona","#B25FD6",2
"Jaramillo Arango Martha Lilian","circle","F",-1794.4269,638.6744,"https://dl.dropboxusercontent.com/u/38618778/empresarios2015/female1.1.png","persona","#B25FD6",2
"Jaramillo Botero José Oscar","circle","M",-2276.543,-1086.7345,"https://dl.dropboxusercontent.com/u/38618778/empresarios2015/male1.1.png","persona","#B25FD6",2
"Jaramillo Buitrago Álvaro Enrique","circle","M",85.854935,2820.2979,"https://dl.dropboxusercontent.com/u/38618778/empresarios2015/male1.1.png","persona","#B25FD6",2
"Jaramillo Gómez Gabriel Arturo","circle","M",-2549.4758,-545.93353,"https://dl.dropboxusercontent.com/u/38618778/empresarios2015/male1.1.png","persona","#B25FD6",2
"Jaramillo Martínez Guillermo Alfonso","circle","M",-489.4775,-1552.383,"https://dl.dropboxusercontent.com/u/38618778/empresarios2015/male1.1.png","persona","#B25FD6",2
"Jeong Byeong Jo","circle","M",3883.65,1657.0061,"https://dl.dropboxusercontent.com/u/38618778/empresarios2015/male1.1.png","persona","#B25FD6",2
"Jiménez Carrillo Claudia","circle","F",2608.8674,-3344.6033,"https://dl.dropboxusercontent.com/u/38618778/empresarios2015/female1.1.png","persona","#B25FD6",2
"Jumbo","circle","",704.24066,-4378.289,"https://dl.dropboxusercontent.com/u/38618778/empresarios2015/desk.png","empresa","#3CB1F9",5
"Junguito Pombo Roberto","circle","M",3843.6333,490.90277,"https://dl.dropboxusercontent.com/u/38618778/empresarios2015/male1.1.png","persona","#B25FD6",2
"Junqueira De Oliveira Frederico Luiz","circle","M",-3679.0474,-2511.2776,"https://dl.dropboxusercontent.com/u/38618778/empresarios2015/male1.1.png","persona","#B25FD6",2
"Kattan Cohen Saúl","circle","M",-512.0698,-3232.7966,"https://dl.dropboxusercontent.com/u/38618778/empresarios2015/male1.1.png","persona","#B25FD6",2
"Kim Young Chul","circle","M",3636.587,2176.4072,"https://dl.dropboxusercontent.com/u/38618778/empresarios2015/male1.1.png","persona","#B25FD6",2
"Klepacz Eduardo","circle","M",15.554077,2522.4885,"https://dl.dropboxusercontent.com/u/38618778/empresarios2015/male1.1.png","persona","#B25FD6",2
"Klurfan Eduardo Alberto","circle","M",-2014.8458,-3084.4526,"https://dl.dropboxusercontent.com/u/38618778/empresarios2015/male1.1.png","persona","#B25FD6",2
"Krause Niclas Stefan","circle","M",396.8006,-4475.074,"https://dl.dropboxusercontent.com/u/38618778/empresarios2015/male1.1.png","persona","#B25FD6",2
"Kriete Ávila Roberto","circle","M",460.17303,2490.0366,"https://dl.dropboxusercontent.com/u/38618778/empresarios2015/male1.1.png","persona","#B25FD6",2
"La Rosa Javier","circle","M",1909.7422,2863.7317,"https://dl.dropboxusercontent.com/u/38618778/empresarios2015/male1.1.png","persona","#B25FD6",2
"Lafaurie Rivera Luisa Fernanda","circle","F",664.00433,-318.4825,"https://dl.dropboxusercontent.com/u/38618778/empresarios2015/female1.1.png","persona","#B25FD6",2
"Lang Allan Joseph","circle","M",-4108.946,-183.83185,"https://dl.dropboxusercontent.com/u/38618778/empresarios2015/male1.1.png","persona","#B25FD6",2
"Largacha Martínez Miguel","circle","M",2429.51,-1070.0978,"https://dl.dropboxusercontent.com/u/38618778/empresarios2015/male1.1.png","persona","#B25FD6",2
"Lee Seonghyun","circle","M",4037.3845,1871.8162,"https://dl.dropboxusercontent.com/u/38618778/empresarios2015/male1.1.png","persona","#B25FD6",2
"Leiva Villamizar Oscar Armando","circle","M",-3932.862,1453.6965,"https://dl.dropboxusercontent.com/u/38618778/empresarios2015/male1.1.png","persona","#B25FD6",2
"Lewis Donald","circle","M",517.67035,-3787.3127,"https://dl.dropboxusercontent.com/u/38618778/empresarios2015/male1.1.png","persona","#B25FD6",2
"Linares Martínez Jose Miguel","circle","M",-4037.0078,-694.7322,"https://dl.dropboxusercontent.com/u/38618778/empresarios2015/male1.1.png","persona","#B25FD6",2
"Lippert Karl Gunther","circle","M",2624.479,-2367.152,"https://dl.dropboxusercontent.com/u/38618778/empresarios2015/male1.1.png","persona","#B25FD6",2
"Lizcano Ortiz Iván Guillermo","circle","M",1862.4336,-3059.9377,"https://dl.dropboxusercontent.com/u/38618778/empresarios2015/male1.1.png","persona","#B25FD6",2
"Ljubetic Garib Leonardo","circle","M",-2396.181,-623.8379,"https://dl.dropboxusercontent.com/u/38618778/empresarios2015/male1.1.png","persona","#B25FD6",2
"Loaiza Herrera José Gabriel","circle","M",951.4149,29.78375,"https://dl.dropboxusercontent.com/u/38618778/empresarios2015/male1.1.png","persona","#B25FD6",2
"Londoño Londoño Rocío","circle","F",515.74634,-2619.4395,"https://dl.dropboxusercontent.com/u/38618778/empresarios2015/female1.1.png","persona","#B25FD6",2
"Londoño Posada Juan Guillermo","circle","M",-3496.9382,865.2219,"https://dl.dropboxusercontent.com/u/38618778/empresarios2015/male1.1.png","persona","#B25FD6",2
"Lopes Martínez Nilson","circle","M",-2080.3022,-3937.3916,"https://dl.dropboxusercontent.com/u/38618778/empresarios2015/male1.1.png","persona","#B25FD6",2
"López González Juan Carlos","circle","M",-3891.0935,2.6663113,"https://dl.dropboxusercontent.com/u/38618778/empresarios2015/male1.1.png","persona","#B25FD6",2
"López Valencia Augusto","circle","M",531.82495,3129.9092,"https://dl.dropboxusercontent.com/u/38618778/empresarios2015/male1.1.png","persona","#B25FD6",2
"López Vergara Leonardo","circle","M",-606.44495,-416.67282,"https://dl.dropboxusercontent.com/u/38618778/empresarios2015/male1.1.png","persona","#B25FD6",2
"Lora Borrero Julián","circle","M",-566.80536,3099.289,"https://dl.dropboxusercontent.com/u/38618778/empresarios2015/male1.1.png","persona","#B25FD6",2
"Luna Cabrera Carlos Alberto","circle","M",306.88693,-910.102,"https://dl.dropboxusercontent.com/u/38618778/empresarios2015/male1.1.png","persona","#B25FD6",2
"Madonado Copello María Mercedes","circle","F",-673.8733,-3002.281,"https://dl.dropboxusercontent.com/u/38618778/empresarios2015/female1.1.png","persona","#B25FD6",2
"Maiztegui Ricardo José","circle","M",2276.925,3764.3335,"https://dl.dropboxusercontent.com/u/38618778/empresarios2015/male1.1.png","persona","#B25FD6",2
"Maldonado Umaña Mauricio","circle","M",-875.7066,411.2522,"https://dl.dropboxusercontent.com/u/38618778/empresarios2015/male1.1.png","persona","#B25FD6",2
"Mallarino Flórez Gonzalo","circle","M",65.074394,3687.4807,"https://dl.dropboxusercontent.com/u/38618778/empresarios2015/male1.1.png","persona","#B25FD6",2
"Maltes Tello Luis Francisco","circle","M",2820.417,2036.6804,"https://dl.dropboxusercontent.com/u/38618778/empresarios2015/male1.1.png","persona","#B25FD6",2
"Manosalva Rojas Hector","circle","M",-691.8591,1679.2957,"https://dl.dropboxusercontent.com/u/38618778/empresarios2015/male1.1.png","persona","#B25FD6",2
"Mantilla Gómez Sergio Andrés","circle","M",354.6822,3807.8706,"https://dl.dropboxusercontent.com/u/38618778/empresarios2015/male1.1.png","persona","#B25FD6",2
"Martínez Dumitrache","circle","M",991.47003,-3463.3608,"https://dl.dropboxusercontent.com/u/38618778/empresarios2015/male1.1.png","persona","#B25FD6",2
"Martínez Ortiz Astrid","circle","F",-1712.8375,2353.1863,"https://dl.dropboxusercontent.com/u/38618778/empresarios2015/female1.1.png","persona","#B25FD6",2
"Martínez Torres Hernán Juan José","circle","M",1102.8058,3344.4868,"https://dl.dropboxusercontent.com/u/38618778/empresarios2015/male1.1.png","persona","#B25FD6",2
"Martínez Villegas Rafael","circle","M",-2328.127,1835.391,"https://dl.dropboxusercontent.com/u/38618778/empresarios2015/male1.1.png","persona","#B25FD6",2
"Marulanda Del Valle Luis Eduardo","circle","M",3076.7195,3012.362,"https://dl.dropboxusercontent.com/u/38618778/empresarios2015/male1.1.png","persona","#B25FD6",2
"Mas Gustavo Alberto","circle","M",-3392.998,-2475.559,"https://dl.dropboxusercontent.com/u/38618778/empresarios2015/male1.1.png","persona","#B25FD6",2
"Maya Maya Gabriel Ricardo","circle","M",1786.9252,824.0955,"https://dl.dropboxusercontent.com/u/38618778/empresarios2015/male1.1.png","persona","#B25FD6",2
"Mcmanus Mark John","circle","M",4361.4443,1117.2308,"https://dl.dropboxusercontent.com/u/38618778/empresarios2015/male1.1.png","persona","#B25FD6",2
"Mejía Cabal Iván Felipe","circle","M",3195.2651,-719.9676,"https://dl.dropboxusercontent.com/u/38618778/empresarios2015/male1.1.png","persona","#B25FD6",2
"Mejía Cardona Andrés Felipe","circle","M",2819.911,1492.3931,"https://dl.dropboxusercontent.com/u/38618778/empresarios2015/male1.1.png","persona","#B25FD6",2
"Mejía Castro Luis Ernesto","circle","M",-219.75652,530.8984,"https://dl.dropboxusercontent.com/u/38618778/empresarios2015/male1.1.png","persona","#B25FD6",2
"Mejía Castro Maria Fernanda","circle","F",-3409.5166,1417.9706,"https://dl.dropboxusercontent.com/u/38618778/empresarios2015/female1.1.png","persona","#B25FD6",2
"Mejía Correa Lina Maria","circle","F",2698.9443,173.91426,"https://dl.dropboxusercontent.com/u/38618778/empresarios2015/female1.1.png","persona","#B25FD6",2
"Mejía Correa Manuel Santiago","circle","M",2386.3499,539.8598,"https://dl.dropboxusercontent.com/u/38618778/empresarios2015/male1.1.png","persona","#B25FD6",2
"Mejía Correa María Gloria","circle","F",3068.2834,505.60593,"https://dl.dropboxusercontent.com/u/38618778/empresarios2015/female1.1.png","persona","#B25FD6",2
"Mejía Correa Rafael Juan","circle","M",2558.1714,640.47516,"https://dl.dropboxusercontent.com/u/38618778/empresarios2015/male1.1.png","persona","#B25FD6",2
"Mejía De Londoño Olga Elena","circle","F",3068.8328,733.7775,"https://dl.dropboxusercontent.com/u/38618778/empresarios2015/female1.1.png","persona","#B25FD6",2
"Mejía González Jorge Alejandro","circle","M",-1478.058,-3984.7844,"https://dl.dropboxusercontent.com/u/38618778/empresarios2015/male1.1.png","persona","#B25FD6",2
"Melamed Earl","circle","M",4035.8242,674.55304,"https://dl.dropboxusercontent.com/u/38618778/empresarios2015/male1.1.png","persona","#B25FD6",2
"Melo Acosta Jose Elias","circle","M",-963.45123,257.6541,"https://dl.dropboxusercontent.com/u/38618778/empresarios2015/male1.1.png","persona","#B25FD6",2
"Méndez Urrutia Ramiro","circle","M",-2704.3708,-1449.9927,"https://dl.dropboxusercontent.com/u/38618778/empresarios2015/male1.1.png","persona","#B25FD6",2
"Meneses Villegas Luis German","circle","M",3813.4243,49.447693,"https://dl.dropboxusercontent.com/u/38618778/empresarios2015/male1.1.png","persona","#B25FD6",2
"Merlano Alcocer Alberto","circle","M",-2232.5698,-2089.0168,"https://dl.dropboxusercontent.com/u/38618778/empresarios2015/male1.1.png","persona","#B25FD6",2
"Mesa Manrique Luis Alberto","circle","M",-1879.2592,-4080.6177,"https://dl.dropboxusercontent.com/u/38618778/empresarios2015/male1.1.png","persona","#B25FD6",2
"Mesa Mesa Margarita Maria","circle","F",-1906.4906,741.7401,"https://dl.dropboxusercontent.com/u/38618778/empresarios2015/female1.1.png","persona","#B25FD6",2
"Mesa Zuleta María Luisa","circle","F",-3465.9512,1217.5,"https://dl.dropboxusercontent.com/u/38618778/empresarios2015/female1.1.png","persona","#B25FD6",2
"Meza Campuzano Camilo Andrés","circle","M",-3709.2183,1935.6018,"https://dl.dropboxusercontent.com/u/38618778/empresarios2015/male1.1.png","persona","#B25FD6",2
"Michael Tracy James","circle","M",-4167.4346,-480.0751,"https://dl.dropboxusercontent.com/u/38618778/empresarios2015/male1.1.png","persona","#B25FD6",2
"Mills Dennis Joseph","circle","M",663.3423,3250.8428,"https://dl.dropboxusercontent.com/u/38618778/empresarios2015/male1.1.png","persona","#B25FD6",2
"Montenegro Trujillo Armando","circle","M",1897.267,-2226.9805,"https://dl.dropboxusercontent.com/u/38618778/empresarios2015/male1.1.png","persona","#B25FD6",2
"Montenegro Trujillo Santiago","circle","M",61.351135,866.4651,"https://dl.dropboxusercontent.com/u/38618778/empresarios2015/male1.1.png","persona","#B25FD6",2
"Montoya Calle Juan Felipe","circle","M",1714.1957,102.31278,"https://dl.dropboxusercontent.com/u/38618778/empresarios2015/male1.1.png","persona","#B25FD6",2
"Morales Rivera Oscar Darío","circle","M",697.73737,2458.039,"https://dl.dropboxusercontent.com/u/38618778/empresarios2015/male1.1.png","persona","#B25FD6",2
"Morales Sánchez Luis Gonzalo","circle","M",-4104.5996,-1728.7047,"https://dl.dropboxusercontent.com/u/38618778/empresarios2015/male1.1.png","persona","#B25FD6",2
"Moreno  Papes Claudio","circle","M",-174.02872,3891.9404,"https://dl.dropboxusercontent.com/u/38618778/empresarios2015/male1.1.png","persona","#B25FD6",2
"Moreno Mejía Carlos Enrique","circle","M",-2986.2236,-2544.475,"https://dl.dropboxusercontent.com/u/38618778/empresarios2015/male1.1.png","persona","#B25FD6",2
"Moreno Pineda Luis Carlos","circle","M",2368.488,2256.6729,"https://dl.dropboxusercontent.com/u/38618778/empresarios2015/male1.1.png","persona","#B25FD6",2
"Moreno Restrepo Ernesto","circle","M",-728.2672,-574.7437,"https://dl.dropboxusercontent.com/u/38618778/empresarios2015/male1.1.png","persona","#B25FD6",2
"Moreno Sierra Gabriel Jaime","circle","M",-156.0885,-4153.735,"https://dl.dropboxusercontent.com/u/38618778/empresarios2015/male1.1.png","persona","#B25FD6",2
"Moreno Uribe Joaquín","circle","M",-762.236,1447.1239,"https://dl.dropboxusercontent.com/u/38618778/empresarios2015/male1.1.png","persona","#B25FD6",2
"Moreno Zapata Paula Marcela","circle","F",-481.87332,2499.1726,"https://dl.dropboxusercontent.com/u/38618778/empresarios2015/female1.1.png","persona","#B25FD6",2
"Morris Rincón Juan Pablo","circle","M",-245.60944,-2805.9639,"https://dl.dropboxusercontent.com/u/38618778/empresarios2015/male1.1.png","persona","#B25FD6",2
"Mullen Richard Lynn","circle","M",-3670.0828,-355.71216,"https://dl.dropboxusercontent.com/u/38618778/empresarios2015/male1.1.png","persona","#B25FD6",2
"Múnera Posada Juan Fernando","circle","M",-2738.2554,-1225.608,"https://dl.dropboxusercontent.com/u/38618778/empresarios2015/male1.1.png","persona","#B25FD6",2
"Múnera Tobón María de las Mercedes del Perpetuo Socorro","circle","F",-863.2348,-3910.7283,"https://dl.dropboxusercontent.com/u/38618778/empresarios2015/female1.1.png","persona","#B25FD6",2
"Muñoz Méndez José Eugenio","circle","M",-3020.4387,-2796.0283,"https://dl.dropboxusercontent.com/u/38618778/empresarios2015/male1.1.png","persona","#B25FD6",2
"Muñoz Tamayo Rodrigo","circle","M",-1932.1622,3327.6733,"https://dl.dropboxusercontent.com/u/38618778/empresarios2015/male1.1.png","persona","#B25FD6",2
"Nasser Facusse Federico","circle","M",1693.0851,-2139.4485,"https://dl.dropboxusercontent.com/u/38618778/empresarios2015/male1.1.png","persona","#B25FD6",2
"Nasser Selman Freddy Antonio","circle","M",2012.5505,-1773.303,"https://dl.dropboxusercontent.com/u/38618778/empresarios2015/male1.1.png","persona","#B25FD6",2
"Nasser Selman Ricardo Antonio","circle","M",1532.2845,-1868.7223,"https://dl.dropboxusercontent.com/u/38618778/empresarios2015/male1.1.png","persona","#B25FD6",2
"Navarro Beltrán Eduardo","circle","M",-2863.815,-688.4082,"https://dl.dropboxusercontent.com/u/38618778/empresarios2015/male1.1.png","persona","#B25FD6",2
"Navas Sanz de Santamaría Pedro Miguel","circle","M",-2541.4102,-3227.3218,"https://dl.dropboxusercontent.com/u/38618778/empresarios2015/male1.1.png","persona","#B25FD6",2
"Noero Arango Vicente","circle","M",-671.6551,-1037.7234,"https://dl.dropboxusercontent.com/u/38618778/empresarios2015/male1.1.png","persona","#B25FD6",2
"Noguera Puyl-Xicoy Lluís","circle","M",758.23254,-3043.7515,"https://dl.dropboxusercontent.com/u/38618778/empresarios2015/male1.1.png","persona","#B25FD6",2
"Nova Estrada Martín","circle","M",1412.7538,398.0964,"https://dl.dropboxusercontent.com/u/38618778/empresarios2015/male1.1.png","persona","#B25FD6",2
"Nueva EPS","circle","",-4252.458,557.93225,"https://dl.dropboxusercontent.com/u/38618778/empresarios2015/desk.png","empresa","#3CB1F9",5
"Nutresa","circle","",-1961.5376,1006.2496,"https://dl.dropboxusercontent.com/u/38618778/empresarios2015/desk.png","empresa","#3CB1F9",5
"O'meara Bautista Martha Lucia","circle","F",1563.939,3228.6409,"https://dl.dropboxusercontent.com/u/38618778/empresarios2015/female1.1.png","persona","#B25FD6",2
"Obregón Trujillo Ricardo Emilio","circle","M",1108.6184,1752.735,"https://dl.dropboxusercontent.com/u/38618778/empresarios2015/male1.1.png","persona","#B25FD6",2
"Ojalvo Prieto Fernando","circle","M",2653.4993,1644.9557,"https://dl.dropboxusercontent.com/u/38618778/empresarios2015/male1.1.png","persona","#B25FD6",2
"Olímpica","circle","",-3444.9912,-1287.596,"https://dl.dropboxusercontent.com/u/38618778/empresarios2015/desk.png","empresa","#3CB1F9",5
"Omaetxebarria Gainza José Domingo","circle","M",-1822.2714,-468.51855,"https://dl.dropboxusercontent.com/u/38618778/empresarios2015/male1.1.png","persona","#B25FD6",2
"Orbis","circle","",689.2777,1937.1969,"https://dl.dropboxusercontent.com/u/38618778/empresarios2015/desk.png","empresa","#3CB1F9",5
"Ortiz Delgado María Fernanda","circle","F",1077.5645,-2960.8738,"https://dl.dropboxusercontent.com/u/38618778/empresarios2015/female1.1.png","persona","#B25FD6",2
"Osorio Hurtado Sergio Andrés","circle","M",-3285.8472,343.70615,"https://dl.dropboxusercontent.com/u/38618778/empresarios2015/male1.1.png","persona","#B25FD6",2
"Otero Álvarez Efraín","circle","M",2538.832,-675.1955,"https://dl.dropboxusercontent.com/u/38618778/empresarios2015/male1.1.png","persona","#B25FD6",2
"Otoya Rojas Juan Manuel","circle","M",348.6936,-2579.1836,"https://dl.dropboxusercontent.com/u/38618778/empresarios2015/male1.1.png","persona","#B25FD6",2
"Oyala Palomá Percy","circle","M",-1932.8788,-1874.8308,"https://dl.dropboxusercontent.com/u/38618778/empresarios2015/male1.1.png","persona","#B25FD6",2
"Pabón Pabón Luis Fernando","circle","M",2313.283,-1327.1204,"https://dl.dropboxusercontent.com/u/38618778/empresarios2015/male1.1.png","persona","#B25FD6",2
"Pacheco Cortés Eduardo","circle","M",-1416.3042,-2815.8318,"https://dl.dropboxusercontent.com/u/38618778/empresarios2015/male1.1.png","persona","#B25FD6",2
"Pacheco Cortés Rodrigo","circle","M",-1483.9911,-3429.0005,"https://dl.dropboxusercontent.com/u/38618778/empresarios2015/male1.1.png","persona","#B25FD6",2
"Pacific Rubiales","circle","",958.2031,2980.0835,"https://dl.dropboxusercontent.com/u/38618778/empresarios2015/desk.png","empresa","#3CB1F9",5
"Palacio Botero Jaime Alberto","circle","M",-1967.0468,1408.5887,"https://dl.dropboxusercontent.com/u/38618778/empresarios2015/male1.1.png","persona","#B25FD6",2
"Panesso Serna Fernando","circle","M",2011.1354,3709.931,"https://dl.dropboxusercontent.com/u/38618778/empresarios2015/male1.1.png","persona","#B25FD6",2
"Pantin Caravallo Ronald","circle","M",1021.7263,3232.8438,"https://dl.dropboxusercontent.com/u/38618778/empresarios2015/male1.1.png","persona","#B25FD6",2
"Pardo Brigard Miguel","circle","M",-2537.2446,-2827.0269,"https://dl.dropboxusercontent.com/u/38618778/empresarios2015/male1.1.png","persona","#B25FD6",2
"Pardo Hasche Hilda María","circle","F",3484.2883,-2717.54,"https://dl.dropboxusercontent.com/u/38618778/empresarios2015/female1.1.png","persona","#B25FD6",2
"Parra Parra Nelson","circle","M",173.97626,4283.1714,"https://dl.dropboxusercontent.com/u/38618778/empresarios2015/male1.1.png","persona","#B25FD6",2
"Parra Satizábal Carlos Alberto","circle","M",1085.0652,-2785.1072,"https://dl.dropboxusercontent.com/u/38618778/empresarios2015/male1.1.png","persona","#B25FD6",2
"Pasquier Bernard","circle","M",3984.3623,-1104.3203,"https://dl.dropboxusercontent.com/u/38618778/empresarios2015/male1.1.png","persona","#B25FD6",2
"Payares Ortiz Benjamín","circle","M",935.6121,-2879.5857,"https://dl.dropboxusercontent.com/u/38618778/empresarios2015/male1.1.png","persona","#B25FD6",2
"Paz Bautista Carlos Arcesio","circle","M",-54.293953,-531.21124,"https://dl.dropboxusercontent.com/u/38618778/empresarios2015/male1.1.png","persona","#B25FD6",2
"Peláez Arango Álvaro","circle","M",4023.3718,-967.23566,"https://dl.dropboxusercontent.com/u/38618778/empresarios2015/male1.1.png","persona","#B25FD6",2
"Peláez Gamboa Luis Fernando","circle","M",1357.7208,1170.02,"https://dl.dropboxusercontent.com/u/38618778/empresarios2015/male1.1.png","persona","#B25FD6",2
"Peña Rey David Ambrosio","circle","M",4324.258,-993.03754,"https://dl.dropboxusercontent.com/u/38618778/empresarios2015/male1.1.png","persona","#B25FD6",2
"Perea Villa Daniel Alfonso","circle","M",-2798.18,-1021.1591,"https://dl.dropboxusercontent.com/u/38618778/empresarios2015/male1.1.png","persona","#B25FD6",2
"Pérez Dávila Carlos Alejandro","circle","M",2858.2869,-1764.4994,"https://dl.dropboxusercontent.com/u/38618778/empresarios2015/male1.1.png","persona","#B25FD6",2
"Pérez García Miguel Alberto","circle","M",2938.682,2184.3643,"https://dl.dropboxusercontent.com/u/38618778/empresarios2015/male1.1.png","persona","#B25FD6",2
"Pérez Gutiérrez Jenaro","circle","M",-727.26886,-3778.971,"https://dl.dropboxusercontent.com/u/38618778/empresarios2015/male1.1.png","persona","#B25FD6",2
"Pérez Javier Julian","circle","M",-1638.6337,3838.6543,"https://dl.dropboxusercontent.com/u/38618778/empresarios2015/male1.1.png","persona","#B25FD6",2
"Pérez Rojas Gonzalo Alberto","circle","M",-2525.548,1448.4581,"https://dl.dropboxusercontent.com/u/38618778/empresarios2015/male1.1.png","persona","#B25FD6",2
"Perry Rubio Guillermo","circle","M",51.08568,-1432.2886,"https://dl.dropboxusercontent.com/u/38618778/empresarios2015/male1.1.png","persona","#B25FD6",2
"Petit Bernard","circle","M",1104.639,-15.344337,"https://dl.dropboxusercontent.com/u/38618778/empresarios2015/male1.1.png","persona","#B25FD6",2
"Petro Urrego Gustavo Francisco","circle","M",-1007.79956,-2270.1465,"https://dl.dropboxusercontent.com/u/38618778/empresarios2015/male1.1.png","persona","#B25FD6",2
"Petrobras","circle","",-3592.9275,-2362.3306,"https://dl.dropboxusercontent.com/u/38618778/empresarios2015/desk.png","empresa","#3CB1F9",5
"Piedrahíta Uribe Esteban","circle","M",-1963.9022,185.94968,"https://dl.dropboxusercontent.com/u/38618778/empresarios2015/male1.1.png","persona","#B25FD6",2
"Pineda Fagadale Iñigo Gomez","circle","M",-1831.265,3864.9304,"https://dl.dropboxusercontent.com/u/38618778/empresarios2015/male1.1.png","persona","#B25FD6",2
"Pinto Delgado Jose Armando","circle","M",3902.0808,2143.4736,"https://dl.dropboxusercontent.com/u/38618778/empresarios2015/male1.1.png","persona","#B25FD6",2
"Pinzón Sánchez Jorge Gabino","circle","M",-649.9226,1901.873,"https://dl.dropboxusercontent.com/u/38618778/empresarios2015/male1.1.png","persona","#B25FD6",2
"Plata Paez Luis Guillermo","circle","M",2778.8882,-2164.3455,"https://dl.dropboxusercontent.com/u/38618778/empresarios2015/male1.1.png","persona","#B25FD6",2
"Ponce García Fabricio","circle","M",1730.6588,-3917.7476,"https://dl.dropboxusercontent.com/u/38618778/empresarios2015/male1.1.png","persona","#B25FD6",2
"Porvenir","circle","",2175.3308,-1138.3116,"https://dl.dropboxusercontent.com/u/38618778/empresarios2015/desk.png","empresa","#3CB1F9",5
"Positiva Seguros de Vida","circle","",-3953.743,1803.7749,"https://dl.dropboxusercontent.com/u/38618778/empresarios2015/desk.png","empresa","#3CB1F9",5
"Postobón","circle","",2056.7168,-2674.5632,"https://dl.dropboxusercontent.com/u/38618778/empresarios2015/desk.png","empresa","#3CB1F9",5
"Preciado Arbeláez Alberto","circle","M",3073.2856,-1700.3888,"https://dl.dropboxusercontent.com/u/38618778/empresarios2015/male1.1.png","persona","#B25FD6",2
"Prodeco","circle","",4385.478,944.90796,"https://dl.dropboxusercontent.com/u/38618778/empresarios2015/desk.png","empresa","#3CB1F9",5
"Promigás","circle","",-839.6544,-78.76538,"https://dl.dropboxusercontent.com/u/38618778/empresarios2015/desk.png","empresa","#3CB1F9",5
"Protección","circle","",2469.859,1449.5796,"https://dl.dropboxusercontent.com/u/38618778/empresarios2015/desk.png","empresa","#3CB1F9",5
"Quintaes Vello Gustavo","circle","M",-1421.3536,-4177.5723,"https://dl.dropboxusercontent.com/u/38618778/empresarios2015/male1.1.png","persona","#B25FD6",2
"Quintero Balcázar Bernardo","circle","M",84.736275,1501.1011,"https://dl.dropboxusercontent.com/u/38618778/empresarios2015/male1.1.png","persona","#B25FD6",2
"Rabinovich Manevich Tulio","circle","M",-2628.6877,-1377.0465,"https://dl.dropboxusercontent.com/u/38618778/empresarios2015/male1.1.png","persona","#B25FD6",2
"Raffo Palau Álvaro Pío","circle","M",-798.1268,2924.0886,"https://dl.dropboxusercontent.com/u/38618778/empresarios2015/male1.1.png","persona","#B25FD6",2
"Ramírez Acuña Luis Fernando","circle","M",-826.91223,2029.9164,"https://dl.dropboxusercontent.com/u/38618778/empresarios2015/male1.1.png","persona","#B25FD6",2
"Ramírez Galindo Gustavo","circle","M",-775.1339,-883.09937,"https://dl.dropboxusercontent.com/u/38618778/empresarios2015/male1.1.png","persona","#B25FD6",2
"Rangel Rocha José Salomón","circle","M",-2106.1272,-2061.1365,"https://dl.dropboxusercontent.com/u/38618778/empresarios2015/male1.1.png","persona","#B25FD6",2
"Reficar","circle","",-1588.7134,2069.2234,"https://dl.dropboxusercontent.com/u/38618778/empresarios2015/desk.png","empresa","#3CB1F9",5
"Reina Echeverri Mauricio","circle","M",-2168.8357,1288.5455,"https://dl.dropboxusercontent.com/u/38618778/empresarios2015/male1.1.png","persona","#B25FD6",2
"Reinoso Yánez Reyes","circle","M",-1333.3485,2461.7954,"https://dl.dropboxusercontent.com/u/38618778/empresarios2015/male1.1.png","persona","#B25FD6",2
"Rengifo Hernández Milton","circle","M",-1092.6426,-1489.6036,"https://dl.dropboxusercontent.com/u/38618778/empresarios2015/male1.1.png","persona","#B25FD6",2
"Resende Murssa Sara Regina","circle","F",-1597.9053,-4174.6777,"https://dl.dropboxusercontent.com/u/38618778/empresarios2015/female1.1.png","persona","#B25FD6",2
"Restrepo Abondano José Manuel","circle","M",2112.763,2159.644,"https://dl.dropboxusercontent.com/u/38618778/empresarios2015/male1.1.png","persona","#B25FD6",2
"Restrepo Gallego Beatriz","circle","F",2478.2424,505.74466,"https://dl.dropboxusercontent.com/u/38618778/empresarios2015/female1.1.png","persona","#B25FD6",2
"Restrepo Gonzalo","circle","M",-1019.73505,2087.6243,"https://dl.dropboxusercontent.com/u/38618778/empresarios2015/male1.1.png","persona","#B25FD6",2
"Restrepo Londoño Andrés","circle","M",1984.3042,4023.0354,"https://dl.dropboxusercontent.com/u/38618778/empresarios2015/male1.1.png","persona","#B25FD6",2
"Restrepo Montoya Andres","circle","M",-4137.3594,1636.9056,"https://dl.dropboxusercontent.com/u/38618778/empresarios2015/male1.1.png","persona","#B25FD6",2
"Restrepo Santamaría Nicanor","circle","M",796.7647,732.606,"https://dl.dropboxusercontent.com/u/38618778/empresarios2015/male1.1.png","persona","#B25FD6",2
"Restrepo Varela Juan Guillermo","circle","M",2644.0364,3296.888,"https://dl.dropboxusercontent.com/u/38618778/empresarios2015/male1.1.png","persona","#B25FD6",2
"Rey Mora Dario","circle","M",1023.1055,-3712.5227,"https://dl.dropboxusercontent.com/u/38618778/empresarios2015/male1.1.png","persona","#B25FD6",2
"Rey Parra Carlos Arturo","circle","M",-488.55692,-1957.7286,"https://dl.dropboxusercontent.com/u/38618778/empresarios2015/male1.1.png","persona","#B25FD6",2
"Rico Duque Germán","circle","M",-3296.4995,2618.189,"https://dl.dropboxusercontent.com/u/38618778/empresarios2015/male1.1.png","persona","#B25FD6",2
"Rico Pinzón Luis Fernando","circle","M",375.18204,51.65705,"https://dl.dropboxusercontent.com/u/38618778/empresarios2015/male1.1.png","persona","#B25FD6",2
"Rincón Angulo Alfredo Eduardo","circle","M",2576.0723,3054.9253,"https://dl.dropboxusercontent.com/u/38618778/empresarios2015/male1.1.png","persona","#B25FD6",2
"Rincón González Manuel Jesús","circle","M",-3962.444,-1491.6768,"https://dl.dropboxusercontent.com/u/38618778/empresarios2015/male1.1.png","persona","#B25FD6",2
"Rivas Mallarino Rafael","circle","M",2367.246,-1981.913,"https://dl.dropboxusercontent.com/u/38618778/empresarios2015/male1.1.png","persona","#B25FD6",2
"Rivera Germán Víctor","circle","M",781.8529,3169.9482,"https://dl.dropboxusercontent.com/u/38618778/empresarios2015/male1.1.png","persona","#B25FD6",2
"Rivera Hernández Álvaro José","circle","M",-1232.3519,3529.5623,"https://dl.dropboxusercontent.com/u/38618778/empresarios2015/male1.1.png","persona","#B25FD6",2
"Roa Barragán Ricardo","circle","M",-391.06705,-451.05185,"https://dl.dropboxusercontent.com/u/38618778/empresarios2015/male1.1.png","persona","#B25FD6",2
"Robledo Uribe Juan María","circle","M",1867.4545,-1364.9227,"https://dl.dropboxusercontent.com/u/38618778/empresarios2015/male1.1.png","persona","#B25FD6",2
"Rodríguez Ardila Nestor Ricardo","circle","M",-997.7088,4101.427,"https://dl.dropboxusercontent.com/u/38618778/empresarios2015/male1.1.png","persona","#B25FD6",2
"Rodríguez Ballesteros Augusto","circle","M",-1813.0042,-2360.3293,"https://dl.dropboxusercontent.com/u/38618778/empresarios2015/male1.1.png","persona","#B25FD6",2
"Rodríguez Becerra Manuel Cipriano","circle","M",3209.6086,-1634.5134,"https://dl.dropboxusercontent.com/u/38618778/empresarios2015/male1.1.png","persona","#B25FD6",2
"Rodríguez Cofre Daniel Alberto","circle","M",464.91766,-4232.5645,"https://dl.dropboxusercontent.com/u/38618778/empresarios2015/male1.1.png","persona","#B25FD6",2
"Rodríguez Fandeo Miguel","circle","M",597.2695,3012.7393,"https://dl.dropboxusercontent.com/u/38618778/empresarios2015/male1.1.png","persona","#B25FD6",2
"Rodríguez González - Rubio Cecilia","circle","F",-2332.8774,155.39137,"https://dl.dropboxusercontent.com/u/38618778/empresarios2015/female1.1.png","persona","#B25FD6",2
"Rodríguez Guerrero José Orlando","circle","M",-779.424,-1522.431,"https://dl.dropboxusercontent.com/u/38618778/empresarios2015/male1.1.png","persona","#B25FD6",2
"Rodríguez Taylor Elizabeth Cristina","circle","F",-4179.6533,1483.5491,"https://dl.dropboxusercontent.com/u/38618778/empresarios2015/female1.1.png","persona","#B25FD6",2
"Rodríguez Uribe Gloria Margarita","circle","F",2469.2678,-840.7416,"https://dl.dropboxusercontent.com/u/38618778/empresarios2015/female1.1.png","persona","#B25FD6",2
"Rojas Rodríguez Jorge","circle","M",-670.5543,-2102.1274,"https://dl.dropboxusercontent.com/u/38618778/empresarios2015/male1.1.png","persona","#B25FD6",2
"Roldán Eusse Humberto","circle","M",-703.3797,-4320.022,"https://dl.dropboxusercontent.com/u/38618778/empresarios2015/male1.1.png","persona","#B25FD6",2
"Roncallo Cabal Carlos Alberto","circle","M",-202.94661,3721.2122,"https://dl.dropboxusercontent.com/u/38618778/empresarios2015/male1.1.png","persona","#B25FD6",2
"Rosales Navarro Pedro","circle","M",-1718.3362,2501.381,"https://dl.dropboxusercontent.com/u/38618778/empresarios2015/male1.1.png","persona","#B25FD6",2
"Rosales Navarro Pedro Alfonso","circle","M",-1193.8799,1724.4323,"https://dl.dropboxusercontent.com/u/38618778/empresarios2015/male1.1.png","persona","#B25FD6",2
"Rozo Palou Álvaro Antonio","circle","M",-1004.53613,3959.387,"https://dl.dropboxusercontent.com/u/38618778/empresarios2015/male1.1.png","persona","#B25FD6",2
"Rubio Díaz Lucio","circle","M",-225.18207,-747.59033,"https://dl.dropboxusercontent.com/u/38618778/empresarios2015/male1.1.png","persona","#B25FD6",2
"Ruge Téllez Orlando","circle","M",-3810.7083,-2274.7634,"https://dl.dropboxusercontent.com/u/38618778/empresarios2015/male1.1.png","persona","#B25FD6",2
"Ruiz González Nasly Jennifer","circle","F",-789.31433,-1989.7391,"https://dl.dropboxusercontent.com/u/38618778/empresarios2015/female1.1.png","persona","#B25FD6",2
"Saa Navia Gilberto","circle","M",3436.9487,-578.7907,"https://dl.dropboxusercontent.com/u/38618778/empresarios2015/male1.1.png","persona","#B25FD6",2
"Saavedra García Carlos","circle","M",-1356.4808,3405.43,"https://dl.dropboxusercontent.com/u/38618778/empresarios2015/male1.1.png","persona","#B25FD6",2
"Sabbagh Sanvicente Luis Carlos","circle","M",-2291.0508,3798.3389,"https://dl.dropboxusercontent.com/u/38618778/empresarios2015/male1.1.png","persona","#B25FD6",2
"Salazar Arias Ricardo","circle","M",1761.5251,-2876.15,"https://dl.dropboxusercontent.com/u/38618778/empresarios2015/male1.1.png","persona","#B25FD6",2
"Salazar Duque Uriel","circle","M",-1438.8021,2383.3455,"https://dl.dropboxusercontent.com/u/38618778/empresarios2015/male1.1.png","persona","#B25FD6",2
"Salazar Mejía Federico","circle","M",4392.767,-396.56723,"https://dl.dropboxusercontent.com/u/38618778/empresarios2015/male1.1.png","persona","#B25FD6",2
"Saldarriaga Sanín Juan Guillermo","circle","M",349.43036,1898.9744,"https://dl.dropboxusercontent.com/u/38618778/empresarios2015/male1.1.png","persona","#B25FD6",2
"Saludcoop","circle","",3880.8618,1195.2072,"https://dl.dropboxusercontent.com/u/38618778/empresarios2015/desk.png","empresa","#3CB1F9",5
"Samsung","circle","",3774.6865,1914.6531,"https://dl.dropboxusercontent.com/u/38618778/empresarios2015/desk.png","empresa","#3CB1F9",5
"Sánchez Benítez Ramiro Hernando","circle","M",1905.6665,-1609.647,"https://dl.dropboxusercontent.com/u/38618778/empresarios2015/male1.1.png","persona","#B25FD6",2
"Sánchez Blanco Gabriel Armando","circle","M",-2265.3108,-1280.8564,"https://dl.dropboxusercontent.com/u/38618778/empresarios2015/male1.1.png","persona","#B25FD6",2
"Sánchez Gómez Bibiana","circle","F",-3035.5457,1487.5798,"https://dl.dropboxusercontent.com/u/38618778/empresarios2015/female1.1.png","persona","#B25FD6",2
"Sánchez Jaramillo Óscar","circle","M",-771.8989,-2759.2366,"https://dl.dropboxusercontent.com/u/38618778/empresarios2015/male1.1.png","persona","#B25FD6",2
"Sánchez Vaca Alejandro","circle","M",-995.59314,-1934.8698,"https://dl.dropboxusercontent.com/u/38618778/empresarios2015/male1.1.png","persona","#B25FD6",2
"Santo Domingo Dávila Alejandro","circle","M",2792.5745,-2460.6792,"https://dl.dropboxusercontent.com/u/38618778/empresarios2015/male1.1.png","persona","#B25FD6",2
"Santos Mera Jaime Eduardo","circle","M",-1369.6396,-3260.9607,"https://dl.dropboxusercontent.com/u/38618778/empresarios2015/male1.1.png","persona","#B25FD6",2
"Sarmiento Gutiérrez Luis Carlos","circle","M",937.7362,-1231.4108,"https://dl.dropboxusercontent.com/u/38618778/empresarios2015/male1.1.png","persona","#B25FD6",2
"Sarmiento Palacio Eduardo","circle","M",-198.59186,-3044.1853,"https://dl.dropboxusercontent.com/u/38618778/empresarios2015/male1.1.png","persona","#B25FD6",2
"Scarpetta Gnecco Mario","circle","M",-3280.4583,536.5339,"https://dl.dropboxusercontent.com/u/38618778/empresarios2015/male1.1.png","persona","#B25FD6",2
"Segovia Salas Rodolfo","circle","M",1011.22107,-2601.242,"https://dl.dropboxusercontent.com/u/38618778/empresarios2015/male1.1.png","persona","#B25FD6",2
"Serna Valencia Juan Guillermo","circle","M",-62.37917,2860.1785,"https://dl.dropboxusercontent.com/u/38618778/empresarios2015/male1.1.png","persona","#B25FD6",2
"Sierra Fernández Ricardo Andrés","circle","M",-2978.0242,891.2077,"https://dl.dropboxusercontent.com/u/38618778/empresarios2015/male1.1.png","persona","#B25FD6",2
"Sierra Moreno Ricardo","circle","M",-2121.438,2226.2314,"https://dl.dropboxusercontent.com/u/38618778/empresarios2015/male1.1.png","persona","#B25FD6",2
"Silva Salamanca Roberto","circle","M",929.18884,1721.162,"https://dl.dropboxusercontent.com/u/38618778/empresarios2015/male1.1.png","persona","#B25FD6",2
"Simancas Narváez Carlos Fidel","circle","M",-366.90973,-1741.3319,"https://dl.dropboxusercontent.com/u/38618778/empresarios2015/male1.1.png","persona","#B25FD6",2
"Sintes Ulloa María del Rosario","circle","F",-1927.4379,-2859.8816,"https://dl.dropboxusercontent.com/u/38618778/empresarios2015/female1.1.png","persona","#B25FD6",2
"Smit Abraham","circle","M",4458.101,605.9176,"https://dl.dropboxusercontent.com/u/38618778/empresarios2015/male1.1.png","persona","#B25FD6",2
"Smith Frederick William","circle","M",4297.6655,1267.6533,"https://dl.dropboxusercontent.com/u/38618778/empresarios2015/male1.1.png","persona","#B25FD6",2
"Sodimac","circle","",-2754.3452,-2911.0217,"https://dl.dropboxusercontent.com/u/38618778/empresarios2015/desk.png","empresa","#3CB1F9",5
"Sofasa","circle","",1094.6877,1019.5935,"https://dl.dropboxusercontent.com/u/38618778/empresarios2015/desk.png","empresa","#3CB1F9",5
"Solano Mejía Augusto","circle","M",2654.7344,-1161.7861,"https://dl.dropboxusercontent.com/u/38618778/empresarios2015/male1.1.png","persona","#B25FD6",2
"Solbes Pons Francesc","circle","M",659.79425,-2192.5576,"https://dl.dropboxusercontent.com/u/38618778/empresarios2015/male1.1.png","persona","#B25FD6",2
"Solé Franco Francisco","circle","M",1329.5673,2889.4587,"https://dl.dropboxusercontent.com/u/38618778/empresarios2015/male1.1.png","persona","#B25FD6",2
"Solesbury Jonathan Frederick","circle","M",3400.148,-1854.4017,"https://dl.dropboxusercontent.com/u/38618778/empresarios2015/male1.1.png","persona","#B25FD6",2
"Soto Hurtado Hector José","circle","M",1480.8243,-2107.5706,"https://dl.dropboxusercontent.com/u/38618778/empresarios2015/male1.1.png","persona","#B25FD6",2
"Soto Losada Carolina","circle","F",134.25569,500.1666,"https://dl.dropboxusercontent.com/u/38618778/empresarios2015/female1.1.png","persona","#B25FD6",2
"Steiner Sampedro Roberto Ricardo","circle","M",-1613.0221,1836.2749,"https://dl.dropboxusercontent.com/u/38618778/empresarios2015/male1.1.png","persona","#B25FD6",2
"Steremberg Carvajal Manuel","circle","M",-167.20898,1404.5131,"https://dl.dropboxusercontent.com/u/38618778/empresarios2015/male1.1.png","persona","#B25FD6",2
"Strasser Arnaud","circle","M",1724.3604,-105.13184,"https://dl.dropboxusercontent.com/u/38618778/empresarios2015/male1.1.png","persona","#B25FD6",2
"Suárez Esparragoza Javier José","circle","M",4192.0874,-1221.2439,"https://dl.dropboxusercontent.com/u/38618778/empresarios2015/male1.1.png","persona","#B25FD6",2
"Suramericana Seguros de Vida","circle","",-2821.0774,1854.9988,"https://dl.dropboxusercontent.com/u/38618778/empresarios2015/desk.png","empresa","#3CB1F9",5
"Tamayo Arango Gustavo","circle","M",3203.4102,-2711.8357,"https://dl.dropboxusercontent.com/u/38618778/empresarios2015/male1.1.png","persona","#B25FD6",2
"Tas Walter","circle","M",-1231.2979,-3224.0903,"https://dl.dropboxusercontent.com/u/38618778/empresarios2015/male1.1.png","persona","#B25FD6",2
"Teicher Graunman León","circle","M",-2154.6528,30.884502,"https://dl.dropboxusercontent.com/u/38618778/empresarios2015/male1.1.png","persona","#B25FD6",2
"Telefónica Colombia","circle","",2411.538,-3610.0737,"https://dl.dropboxusercontent.com/u/38618778/empresarios2015/desk.png","empresa","#3CB1F9",5
"Terpel","circle","",-2475.2937,-957.8472,"https://dl.dropboxusercontent.com/u/38618778/empresarios2015/desk.png","empresa","#3CB1F9",5
"Tigo","circle","",1883.9414,3908.652,"https://dl.dropboxusercontent.com/u/38618778/empresarios2015/desk.png","empresa","#3CB1F9",5
"Toledo Marco Antonio","circle","M",-3657.641,-2038.8904,"https://dl.dropboxusercontent.com/u/38618778/empresarios2015/male1.1.png","persona","#B25FD6",2
"Toro Bridge Mauricio","circle","M",2223.0898,1608.1559,"https://dl.dropboxusercontent.com/u/38618778/empresarios2015/male1.1.png","persona","#B25FD6",2
"Toro Ludeke Christian","circle","M",2177.6357,3865.801,"https://dl.dropboxusercontent.com/u/38618778/empresarios2015/male1.1.png","persona","#B25FD6",2
"Torres Macías Álvaro","circle","M",-832.50476,-382.21368,"https://dl.dropboxusercontent.com/u/38618778/empresarios2015/male1.1.png","persona","#B25FD6",2
"Torrontegui Palacios Julen","circle","M",-2110.4275,3420.19,"https://dl.dropboxusercontent.com/u/38618778/empresarios2015/male1.1.png","persona","#B25FD6",2
"Tovar Pulecio Luisa Fernanda","circle","F",-4361.712,-994.5033,"https://dl.dropboxusercontent.com/u/38618778/empresarios2015/female1.1.png","persona","#B25FD6",2
"Trujillo Jaramillo Oscar","circle","M",2190.069,-1807.2952,"https://dl.dropboxusercontent.com/u/38618778/empresarios2015/male1.1.png","persona","#B25FD6",2
"Trujillo Tealdo Pablo","circle","M",394.29932,2132.0442,"https://dl.dropboxusercontent.com/u/38618778/empresarios2015/male1.1.png","persona","#B25FD6",2
"Uribe Arboleda Sergio","circle","M",639.7381,-1262.1372,"https://dl.dropboxusercontent.com/u/38618778/empresarios2015/male1.1.png","persona","#B25FD6",2
"Uribe Correa Juan David","circle","M",-2132.2717,793.6921,"https://dl.dropboxusercontent.com/u/38618778/empresarios2015/male1.1.png","persona","#B25FD6",2
"Uribe Jaramillo Luis Carlos","circle","M",1586.0392,-78.95372,"https://dl.dropboxusercontent.com/u/38618778/empresarios2015/male1.1.png","persona","#B25FD6",2
"Valencia Cossio Luis Ramiro","circle","M",35.0769,2994.2214,"https://dl.dropboxusercontent.com/u/38618778/empresarios2015/male1.1.png","persona","#B25FD6",2
"Varela González Adolfo","circle","M",2837.6611,-367.91852,"https://dl.dropboxusercontent.com/u/38618778/empresarios2015/male1.1.png","persona","#B25FD6",2
"Vargas Echandía Camilo Alberto","circle","M",-2921.4111,2964.7332,"https://dl.dropboxusercontent.com/u/38618778/empresarios2015/male1.1.png","persona","#B25FD6",2
"Vargas Gibsone Bernardo","circle","M",331.13974,923.9898,"https://dl.dropboxusercontent.com/u/38618778/empresarios2015/male1.1.png","persona","#B25FD6",2
"Vargas Lleras José Antonio","circle","M",-285.33078,-621.5046,"https://dl.dropboxusercontent.com/u/38618778/empresarios2015/male1.1.png","persona","#B25FD6",2
"Vega Juan Lucas","circle","M",1308.4313,-359.01758,"https://dl.dropboxusercontent.com/u/38618778/empresarios2015/male1.1.png","persona","#B25FD6",2
"Velasco Musson Juan Manuel","circle","M",1614.8624,-2283.6821,"https://dl.dropboxusercontent.com/u/38618778/empresarios2015/male1.1.png","persona","#B25FD6",2
"Velásquez Botero Jaime Alberto","circle","M",-2987.172,2033.9333,"https://dl.dropboxusercontent.com/u/38618778/empresarios2015/male1.1.png","persona","#B25FD6",2
"Velásquez Cock Álvaro de Jesús","circle","M",559.3337,-1480.8448,"https://dl.dropboxusercontent.com/u/38618778/empresarios2015/male1.1.png","persona","#B25FD6",2
"Velásquez Echeverri Alberto","circle","M",-1698.1229,862.70465,"https://dl.dropboxusercontent.com/u/38618778/empresarios2015/male1.1.png","persona","#B25FD6",2
"Velásquez Jaramillo Jorge Mario","circle","M",-2397.1106,438.21915,"https://dl.dropboxusercontent.com/u/38618778/empresarios2015/male1.1.png","persona","#B25FD6",2
"Velasquez Pérez Jorge Alberto","circle","M",-4025.44,819.6577,"https://dl.dropboxusercontent.com/u/38618778/empresarios2015/male1.1.png","persona","#B25FD6",2
"Velásquez Uribe Ivan Dario","circle","M",2221.9856,-2500.7617,"https://dl.dropboxusercontent.com/u/38618778/empresarios2015/male1.1.png","persona","#B25FD6",2
"Velásquez Velásquez Eduardo","circle","M",-793.36365,-4088.5461,"https://dl.dropboxusercontent.com/u/38618778/empresarios2015/male1.1.png","persona","#B25FD6",2
"Vélez Cadavid Jose Alberto","circle","M",-2707.2808,705.3322,"https://dl.dropboxusercontent.com/u/38618778/empresarios2015/male1.1.png","persona","#B25FD6",2
"Vélez Cadavid José Alberto","circle","M",-2208.5095,2377.8042,"https://dl.dropboxusercontent.com/u/38618778/empresarios2015/male1.1.png","persona","#B25FD6",2
"Vélez Millán Álvaro Hernán","circle","M",-4065.3015,1904.6971,"https://dl.dropboxusercontent.com/u/38618778/empresarios2015/male1.1.png","persona","#B25FD6",2
"Vesga Perdomo Héctor","circle","M",3358.9453,-750.7475,"https://dl.dropboxusercontent.com/u/38618778/empresarios2015/male1.1.png","persona","#B25FD6",2
"Vigoya Fúquene Rocío","circle","F",-2058.0127,-2290.1843,"https://dl.dropboxusercontent.com/u/38618778/empresarios2015/female1.1.png","persona","#B25FD6",2
"Villa Gallo Boris","circle","M",-918.62915,-1775.4045,"https://dl.dropboxusercontent.com/u/38618778/empresarios2015/male1.1.png","persona","#B25FD6",2
"Villarroel Barrera Jorge Alberto","circle","M",-2942.5496,-3194.3484,"https://dl.dropboxusercontent.com/u/38618778/empresarios2015/male1.1.png","persona","#B25FD6",2
"Villaveces Pardo Ricardo","circle","M",3299.1216,-229.14941,"https://dl.dropboxusercontent.com/u/38618778/empresarios2015/male1.1.png","persona","#B25FD6",2
"Villegas Montoya Jorge Iván","circle","M",1023.1762,-1011.7811,"https://dl.dropboxusercontent.com/u/38618778/empresarios2015/male1.1.png","persona","#B25FD6",2
"Villegas Ramírez  Fabio","circle","M",-99.681625,2665.1018,"https://dl.dropboxusercontent.com/u/38618778/empresarios2015/male1.1.png","persona","#B25FD6",2
"Von Hauske Solís Oscar","circle","M",3631.5244,-2332.037,"https://dl.dropboxusercontent.com/u/38618778/empresarios2015/male1.1.png","persona","#B25FD6",2
"Voto Lucia Ferdinando","circle","M",1376.4033,-1907.7213,"https://dl.dropboxusercontent.com/u/38618778/empresarios2015/male1.1.png","persona","#B25FD6",2
"Woodyer Neil","circle","M",1193.6477,3011.459,"https://dl.dropboxusercontent.com/u/38618778/empresarios2015/male1.1.png","persona","#B25FD6",2
"Wulf Urrutia Carlos Nestor","circle","M",1068.1746,-4350.557,"https://dl.dropboxusercontent.com/u/38618778/empresarios2015/male1.1.png","persona","#B25FD6",2
"Yanovich Farbaiarz Isaac","circle","M",91.7145,2101.0815,"https://dl.dropboxusercontent.com/u/38618778/empresarios2015/male1.1.png","persona","#B25FD6",2
"Yanovich Mizrach Jacky","circle","M",1389.6683,-209.95284,"https://dl.dropboxusercontent.com/u/38618778/empresarios2015/male1.1.png","persona","#B25FD6",2
"Yepes Jiménez Carlos Raúl","circle","M",-2253.326,2475.013,"https://dl.dropboxusercontent.com/u/38618778/empresarios2015/male1.1.png","persona","#B25FD6",2
"Yepes S Martin Alonso","circle","M",-304.84457,-4067.2295,"https://dl.dropboxusercontent.com/u/38618778/empresarios2015/male1.1.png","persona","#B25FD6",2
"Yoon Hong Kyu","circle","M",3632.3914,1689.3569,"https://dl.dropboxusercontent.com/u/38618778/empresarios2015/male1.1.png","persona","#B25FD6",2
"Yun Do Hyun","circle","M",3531.6235,1946.885,"https://dl.dropboxusercontent.com/u/38618778/empresarios2015/male1.1.png","persona","#B25FD6",2
"Zaccour Urdinola Alejandro","circle","M",353.62598,1312.0848,"https://dl.dropboxusercontent.com/u/38618778/empresarios2015/male1.1.png","persona","#B25FD6",2
"Zambrano Triviño Lorenzo","circle","M",221.08348,4505.856,"https://dl.dropboxusercontent.com/u/38618778/empresarios2015/male1.1.png","persona","#B25FD6",2
"Zamora Ávila Martha Lucía","circle","F",-1567.4152,-2269.9756,"https://dl.dropboxusercontent.com/u/38618778/empresarios2015/female1.1.png","persona","#B25FD6",2
"Zaninovich Victoria Dimitri","circle","M",-732.9036,2643.1465,"https://dl.dropboxusercontent.com/u/38618778/empresarios2015/male1.1.png","persona","#B25FD6",2
"Zanotti Cavazzoni Mario Luis","circle","M",1546.5933,4088.7405,"https://dl.dropboxusercontent.com/u/38618778/empresarios2015/male1.1.png","persona","#B25FD6",2
"Zárate Sánchez Gabriel Humberto","circle","M",4310.7607,-290.24756,"https://dl.dropboxusercontent.com/u/38618778/empresarios2015/male1.1.png","persona","#B25FD6",2
"Zuloaga Sevilla Ignacio","circle","M",2108.563,-755.89417,"https://dl.dropboxusercontent.com/u/38618778/empresarios2015/male1.1.png","persona","#B25FD6",2
"Zuluaga Machado Arturo","circle","M",2577.106,-1031.7745,"https://dl.dropboxusercontent.com/u/38618778/empresarios2015/male1.1.png","persona","#B25FD6",2
"Zuluaga Palacio Luis Javier","circle","M",-2173.4678,1068.7986,"https://dl.dropboxusercontent.com/u/38618778/empresarios2015/male1.1.png","persona","#B25FD6",2
"Zuluaga Serna Óscar Iván","circle","M",2852.7861,1297.4305,"https://dl.dropboxusercontent.com/u/38618778/empresarios2015/male1.1.png","persona","#B25FD6",2
