"name","type","gender","x","y","id","kind","imageUrl","color","size"
"Acevedo Zuluaga Jorge Ignacio","circle","M",673.82544,1202.1979,"Acevedo Zuluaga Jorge Ignacio","persona","https://dl.dropboxusercontent.com/u/38618778/empresarios2015/male2.jpg","#00FFFF",1
"Agudelo Arango Ever","circle","M",802.49585,1001.0501,"Agudelo Arango Ever","persona","https://dl.dropboxusercontent.com/u/38618778/empresarios2015/male2.jpg","#00FFFF",1
"Agudelo Gómez Rafael Leon de la Cruz","circle","M",1803.5072,306.5868,"Agudelo Gómez Rafael Leon de la Cruz","persona","https://dl.dropboxusercontent.com/u/38618778/empresarios2015/male2.jpg","#00FFFF",1
"Aguirre Martínez Andrés","circle","M",905.6846,1574.19,"Aguirre Martínez Andrés","persona","https://dl.dropboxusercontent.com/u/38618778/empresarios2015/male2.jpg","#00FFFF",1
"Alajmo Carrizosa Pietro","circle","M",741.91895,-596.6459,"Alajmo Carrizosa Pietro","persona","https://dl.dropboxusercontent.com/u/38618778/empresarios2015/male2.jpg","#00FFFF",1
"Alarcón Villar José Manuel","circle","M",273.73828,-802.6658,"Alarcón Villar José Manuel","persona","https://dl.dropboxusercontent.com/u/38618778/empresarios2015/male2.jpg","#00FFFF",1
"Alkosto","circle",NA,899.67017,501.0515,"Alkosto","empresa","https://dl.dropboxusercontent.com/u/38618778/empresarios2015/desk.png","#DBF8FF",3
"Alpina","circle",NA,-1458.8322,921.8569,"Alpina","empresa","https://dl.dropboxusercontent.com/u/38618778/empresarios2015/desk.png","#DBF8FF",3
"Álvarez Álvarez Julio","circle","M",768.124,-441.43,"Álvarez Álvarez Julio","persona","https://dl.dropboxusercontent.com/u/38618778/empresarios2015/male2.jpg","#00FFFF",1
"Álvarez-Calderón Meléndez Guillermo","circle","M",-968.93164,111.06083,"Álvarez-Calderón Meléndez Guillermo","persona","https://dl.dropboxusercontent.com/u/38618778/empresarios2015/male2.jpg","#00FFFF",1
"Amador Andrade Mauricio","circle","M",762.81445,1661.6942,"Amador Andrade Mauricio","persona","https://dl.dropboxusercontent.com/u/38618778/empresarios2015/male2.jpg","#00FFFF",1
"Aparicio Smith Mónica","circle","F",-322.05536,-172.4298,"Aparicio Smith Mónica","persona","https://dl.dropboxusercontent.com/u/38618778/empresarios2015/female2.jpg","#00FFFF",1
"Arango Cano Celestino","circle","M",-1023.0969,-145.42737,"Arango Cano Celestino","persona","https://dl.dropboxusercontent.com/u/38618778/empresarios2015/male2.jpg","#00FFFF",1
"Arango Uribe Ana Cristina","circle","F",-21.610762,939.4349,"Arango Uribe Ana Cristina","persona","https://dl.dropboxusercontent.com/u/38618778/empresarios2015/female2.jpg","#00FFFF",1
"Arango Uribe Carlos Guillermo","circle","M",-1309.525,-573.85034,"Arango Uribe Carlos Guillermo","persona","https://dl.dropboxusercontent.com/u/38618778/empresarios2015/male2.jpg","#00FFFF",1
"Arango Vélez Luis Carlos","circle","M",566.30664,1631.4814,"Arango Vélez Luis Carlos","persona","https://dl.dropboxusercontent.com/u/38618778/empresarios2015/male2.jpg","#00FFFF",1
"Arata Izquiel José Francisco","circle","M",-36.69486,43.039734,"Arata Izquiel José Francisco","persona","https://dl.dropboxusercontent.com/u/38618778/empresarios2015/male2.jpg","#00FFFF",1
"Araújo Castro Santander Alfredo","circle","M",-1513.6587,337.58383,"Araújo Castro Santander Alfredo","persona","https://dl.dropboxusercontent.com/u/38618778/empresarios2015/male2.jpg","#00FFFF",1
"Arboleda Casas Sergio","circle","M",140.09047,-585.3532,"Arboleda Casas Sergio","persona","https://dl.dropboxusercontent.com/u/38618778/empresarios2015/male2.jpg","#00FFFF",1
"Ardila Calderon Gerardo","circle","M",-389.17224,-712.3165,"Ardila Calderon Gerardo","persona","https://dl.dropboxusercontent.com/u/38618778/empresarios2015/male2.jpg","#00FFFF",1
"Ardila Duarte Rafael","circle","M",787.6798,-404.90408,"Ardila Duarte Rafael","persona","https://dl.dropboxusercontent.com/u/38618778/empresarios2015/male2.jpg","#00FFFF",1
"Ardila Gaviria Antonio José","circle","M",368.15646,-30.869688,"Ardila Gaviria Antonio José","persona","https://dl.dropboxusercontent.com/u/38618778/empresarios2015/male2.jpg","#00FFFF",1
"Ardila Lulle Carlos","circle","M",433.89096,-81.90513,"Ardila Lulle Carlos","persona","https://dl.dropboxusercontent.com/u/38618778/empresarios2015/male2.jpg","#00FFFF",1
"Aristizábal Londoño Tatyana","circle","M",726.31696,1460.2245,"Aristizábal Londoño Tatyana","persona","https://dl.dropboxusercontent.com/u/38618778/empresarios2015/male2.jpg","#00FFFF",1
"Aristizábal Restrepo María Clara","circle","F",590.01117,852.006,"Aristizábal Restrepo María Clara","persona","https://dl.dropboxusercontent.com/u/38618778/empresarios2015/female2.jpg","#00FFFF",1
"Avianca","circle",NA,-244.06535,-241.77191,"Avianca","empresa","https://dl.dropboxusercontent.com/u/38618778/empresarios2015/desk.png","#DBF8FF",3
"Ayerbe Muñoz Felipe","circle","M",1216.2551,-497.4681,"Ayerbe Muñoz Felipe","persona","https://dl.dropboxusercontent.com/u/38618778/empresarios2015/male2.jpg","#00FFFF",1
"Balbin A Luis Fernando","circle","M",-206.78812,1502.9163,"Balbin A Luis Fernando","persona","https://dl.dropboxusercontent.com/u/38618778/empresarios2015/male2.jpg","#00FFFF",1
"Banco de Bogotá","circle",NA,160.83159,-694.5137,"Banco de Bogotá","empresa","https://dl.dropboxusercontent.com/u/38618778/empresarios2015/desk.png","#DBF8FF",3
"Banco de Occidente","circle",NA,1159.519,-536.67633,"Banco de Occidente","empresa","https://dl.dropboxusercontent.com/u/38618778/empresarios2015/desk.png","#DBF8FF",3
"Bancolombia","circle",NA,254.05795,1113.6329,"Bancolombia","empresa","https://dl.dropboxusercontent.com/u/38618778/empresarios2015/desk.png","#DBF8FF",3
"Barco García César Luis","circle","M",685.2816,-1502.5317,"Barco García César Luis","persona","https://dl.dropboxusercontent.com/u/38618778/empresarios2015/male2.jpg","#00FFFF",1
"Barreto Barrios Jose Carlos","circle","M",-604.65643,307.70566,"Barreto Barrios Jose Carlos","persona","https://dl.dropboxusercontent.com/u/38618778/empresarios2015/male2.jpg","#00FFFF",1
"Bavaria","circle",NA,-1520.7076,-117.61809,"Bavaria","empresa","https://dl.dropboxusercontent.com/u/38618778/empresarios2015/desk.png","#DBF8FF",3
"BBVA","circle",NA,-1118.3873,743.23645,"BBVA","empresa","https://dl.dropboxusercontent.com/u/38618778/empresarios2015/desk.png","#DBF8FF",3
"Bejarano Gutiérrez de Piñeres Claudia","circle","F",-944.46106,1038.5558,"Bejarano Gutiérrez de Piñeres Claudia","persona","https://dl.dropboxusercontent.com/u/38618778/empresarios2015/female2.jpg","#00FFFF",1
"Berrío Zapata Douglas","circle","M",534.99457,-463.7542,"Berrío Zapata Douglas","persona","https://dl.dropboxusercontent.com/u/38618778/empresarios2015/male2.jpg","#00FFFF",1
"Betancourt Azcárate Claudia Beatriz","circle","F",-351.4789,408.15854,"Betancourt Azcárate Claudia Beatriz","persona","https://dl.dropboxusercontent.com/u/38618778/empresarios2015/female2.jpg","#00FFFF",1
"Biomax","circle",NA,-1164.2732,-1319.9708,"Biomax","empresa","https://dl.dropboxusercontent.com/u/38618778/empresarios2015/desk.png","#DBF8FF",3
"Bonilla González Ricardo","circle","M",356.45728,-1201.2313,"Bonilla González Ricardo","persona","https://dl.dropboxusercontent.com/u/38618778/empresarios2015/male2.jpg","#00FFFF",1
"Bonilla Otoya Liliana","circle","F",1162.8119,-428.91553,"Bonilla Otoya Liliana","persona","https://dl.dropboxusercontent.com/u/38618778/empresarios2015/female2.jpg","#00FFFF",1
"Buendia Gutiérrez Carolina","circle","F",1751.7142,35.640152,"Buendia Gutiérrez Carolina","persona","https://dl.dropboxusercontent.com/u/38618778/empresarios2015/female2.jpg","#00FFFF",1
"Caballero Herrera Nelson","circle","M",265.44717,1653.9395,"Caballero Herrera Nelson","persona","https://dl.dropboxusercontent.com/u/38618778/empresarios2015/male2.jpg","#00FFFF",1
"Caicedo Douat Carlos Alberto","circle","M",1604.1378,-452.16437,"Caicedo Douat Carlos Alberto","persona","https://dl.dropboxusercontent.com/u/38618778/empresarios2015/male2.jpg","#00FFFF",1
"Caicedo Jaramillo César","circle","M",1112.1122,-618.22876,"Caicedo Jaramillo César","persona","https://dl.dropboxusercontent.com/u/38618778/empresarios2015/male2.jpg","#00FFFF",1
"Calle Restrepo Juan Esteban","circle","M",807.65656,15.031654,"Calle Restrepo Juan Esteban","persona","https://dl.dropboxusercontent.com/u/38618778/empresarios2015/male2.jpg","#00FFFF",1
"Camacho Paez Juan Manuel","circle","M",-802.45844,-338.8508,"Camacho Paez Juan Manuel","persona","https://dl.dropboxusercontent.com/u/38618778/empresarios2015/male2.jpg","#00FFFF",1
"Camargo Mejía Mauricio","circle","M",-724.79266,1543.8485,"Camargo Mejía Mauricio","persona","https://dl.dropboxusercontent.com/u/38618778/empresarios2015/male2.jpg","#00FFFF",1
"Caprecom","circle",NA,1099.7784,768.83746,"Caprecom","empresa","https://dl.dropboxusercontent.com/u/38618778/empresarios2015/desk.png","#DBF8FF",3
"Carbones del Cerrejón","circle",NA,-930.2695,1134.4054,"Carbones del Cerrejón","empresa","https://dl.dropboxusercontent.com/u/38618778/empresarios2015/desk.png","#DBF8FF",3
"Carrasquilla Barrera Alberto","circle","M",1805.6434,32.707657,"Carrasquilla Barrera Alberto","persona","https://dl.dropboxusercontent.com/u/38618778/empresarios2015/male2.jpg","#00FFFF",1
"Carrizosa Calle Martín","circle","M",-1137.1285,273.61127,"Carrizosa Calle Martín","persona","https://dl.dropboxusercontent.com/u/38618778/empresarios2015/male2.jpg","#00FFFF",1
"Carvajal","circle",NA,1261.9894,-166.51114,"Carvajal","empresa","https://dl.dropboxusercontent.com/u/38618778/empresarios2015/desk.png","#DBF8FF",3
"Carvajal Albán Luis Felipe","circle","M",1374.0853,-156.92567,"Carvajal Albán Luis Felipe","persona","https://dl.dropboxusercontent.com/u/38618778/empresarios2015/male2.jpg","#00FFFF",1
"Carvajal Bonnet Álvaro","circle","M",-1205.0641,-745.3661,"Carvajal Bonnet Álvaro","persona","https://dl.dropboxusercontent.com/u/38618778/empresarios2015/male2.jpg","#00FFFF",1
"Castellanos Rodríguez Claudia Lucía","circle","F",127.43433,-1150.2257,"Castellanos Rodríguez Claudia Lucía","persona","https://dl.dropboxusercontent.com/u/38618778/empresarios2015/female2.jpg","#00FFFF",1
"Castillo Jaramillo Gustavo Efrnaín","circle","M",1085.2272,-1540.5446,"Castillo Jaramillo Gustavo Efrnaín","persona","https://dl.dropboxusercontent.com/u/38618778/empresarios2015/male2.jpg","#00FFFF",1
"Castro Castillo Marco Tulio","circle","M",-1345.704,436.40155,"Castro Castillo Marco Tulio","persona","https://dl.dropboxusercontent.com/u/38618778/empresarios2015/male2.jpg","#00FFFF",1
"Celsia","circle",NA,219.25356,659.7834,"Celsia","empresa","https://dl.dropboxusercontent.com/u/38618778/empresarios2015/desk.png","#DBF8FF",3
"Cementos Argos","circle",NA,-221.63176,582.2522,"Cementos Argos","empresa","https://dl.dropboxusercontent.com/u/38618778/empresarios2015/desk.png","#DBF8FF",3
"Cemex","circle",NA,-854.23236,730.44434,"Cemex","empresa","https://dl.dropboxusercontent.com/u/38618778/empresarios2015/desk.png","#DBF8FF",3
"Ceron Coral Jaime Horacio","circle","M",1835.2646,83.8471,"Ceron Coral Jaime Horacio","persona","https://dl.dropboxusercontent.com/u/38618778/empresarios2015/male2.jpg","#00FFFF",1
"Cerrejón Zona Norte","circle",NA,1297.9752,395.0747,"Cerrejón Zona Norte","empresa","https://dl.dropboxusercontent.com/u/38618778/empresarios2015/desk.png","#DBF8FF",3
"Cerromatoso","circle",NA,-1548.3568,-991.6839,"Cerromatoso","empresa","https://dl.dropboxusercontent.com/u/38618778/empresarios2015/desk.png","#DBF8FF",3
"Chaveryriat Roca Frédéric","circle","M",-594.9056,152.73445,"Chaveryriat Roca Frédéric","persona","https://dl.dropboxusercontent.com/u/38618778/empresarios2015/male2.jpg","#00FFFF",1
"Chazarra Bernabe Pedro","circle","M",-618.25323,-1262.3478,"Chazarra Bernabe Pedro","persona","https://dl.dropboxusercontent.com/u/38618778/empresarios2015/male2.jpg","#00FFFF",1
"Chevron","circle",NA,1660.2454,779.386,"Chevron","empresa","https://dl.dropboxusercontent.com/u/38618778/empresarios2015/desk.png","#DBF8FF",3
"Cifuentes Muñoz Felipe","circle","M",-1173.3702,802.8895,"Cifuentes Muñoz Felipe","persona","https://dl.dropboxusercontent.com/u/38618778/empresarios2015/male2.jpg","#00FFFF",1
"Claro Móvil","circle",NA,-1124.4858,1393.33,"Claro Móvil","empresa","https://dl.dropboxusercontent.com/u/38618778/empresarios2015/desk.png","#DBF8FF",3
"CocaCola Femsa","circle",NA,1173.1038,-1471.04,"CocaCola Femsa","empresa","https://dl.dropboxusercontent.com/u/38618778/empresarios2015/desk.png","#DBF8FF",3
"CocaCola Femsa ","circle",NA,-608.75574,680.3963,"CocaCola Femsa ","empresa","https://dl.dropboxusercontent.com/u/38618778/empresarios2015/desk.png","#DBF8FF",3
"Codensa","circle",NA,-395.28964,-1627.7108,"Codensa","empresa","https://dl.dropboxusercontent.com/u/38618778/empresarios2015/desk.png","#DBF8FF",3
"Colanta","circle",NA,-69.8926,1520.7722,"Colanta","empresa","https://dl.dropboxusercontent.com/u/38618778/empresarios2015/desk.png","#DBF8FF",3
"Colmotores","circle",NA,-1033.2561,-528.1144,"Colmotores","empresa","https://dl.dropboxusercontent.com/u/38618778/empresarios2015/desk.png","#DBF8FF",3
"Colpatria","circle",NA,-1037.854,229.65665,"Colpatria","empresa","https://dl.dropboxusercontent.com/u/38618778/empresarios2015/desk.png","#DBF8FF",3
"Colsanitas","circle",NA,1748.5735,180.66412,"Colsanitas","empresa","https://dl.dropboxusercontent.com/u/38618778/empresarios2015/desk.png","#DBF8FF",3
"Colsubsidio","circle",NA,368.9385,1713.074,"Colsubsidio","empresa","https://dl.dropboxusercontent.com/u/38618778/empresarios2015/desk.png","#DBF8FF",3
"Compensar","circle",NA,1398.1423,770.39056,"Compensar","empresa","https://dl.dropboxusercontent.com/u/38618778/empresarios2015/desk.png","#DBF8FF",3
"Conner Conner Stephen Lee","circle","M",1651.9814,681.9529,"Conner Conner Stephen Lee","persona","https://dl.dropboxusercontent.com/u/38618778/empresarios2015/male2.jpg","#00FFFF",1
"Coomeva","circle",NA,-1111.678,-176.43513,"Coomeva","empresa","https://dl.dropboxusercontent.com/u/38618778/empresarios2015/desk.png","#DBF8FF",3
"Córdoba Garces Rosario","circle","M",-142.04953,839.89276,"Córdoba Garces Rosario","persona","https://dl.dropboxusercontent.com/u/38618778/empresarios2015/male2.jpg","#00FFFF",1
"Cormane Fandiño Javier Ignacio","circle","M",1440.9479,656.38214,"Cormane Fandiño Javier Ignacio","persona","https://dl.dropboxusercontent.com/u/38618778/empresarios2015/male2.jpg","#00FFFF",1
"Coronado Orjuela María Eugenia","circle","F",-420.96274,-968.09656,"Coronado Orjuela María Eugenia","persona","https://dl.dropboxusercontent.com/u/38618778/empresarios2015/female2.jpg","#00FFFF",1
"Correa Robledo Alvaro","circle","M",680.8506,1121.0831,"Correa Robledo Alvaro","persona","https://dl.dropboxusercontent.com/u/38618778/empresarios2015/male2.jpg","#00FFFF",1
"Crispín Martínez Sandra Liliana","circle","F",1350.6366,875.4273,"Crispín Martínez Sandra Liliana","persona","https://dl.dropboxusercontent.com/u/38618778/empresarios2015/female2.jpg","#00FFFF",1
"Cuartas Tamayo Daniel Fernando","circle","M",68.416595,1505.1155,"Cuartas Tamayo Daniel Fernando","persona","https://dl.dropboxusercontent.com/u/38618778/empresarios2015/male2.jpg","#00FFFF",1
"Cuberos De Las Casas Felipe Andrés","circle","M",-1162.5692,210.94197,"Cuberos De Las Casas Felipe Andrés","persona","https://dl.dropboxusercontent.com/u/38618778/empresarios2015/male2.jpg","#00FFFF",1
"Cure Cure Carlos","circle","M",770.2881,-81.794876,"Cure Cure Carlos","persona","https://dl.dropboxusercontent.com/u/38618778/empresarios2015/male2.jpg","#00FFFF",1
"Da Silva Nogueira Filipe","circle","M",-545.2516,1176.8864,"Da Silva Nogueira Filipe","persona","https://dl.dropboxusercontent.com/u/38618778/empresarios2015/male2.jpg","#00FFFF",1
"Davivienda","circle",NA,-1300.0753,-718.5259,"Davivienda","empresa","https://dl.dropboxusercontent.com/u/38618778/empresarios2015/desk.png","#DBF8FF",3
"De Francisco Valenzuela Camilo","circle","M",-180.50705,-1271.537,"De Francisco Valenzuela Camilo","persona","https://dl.dropboxusercontent.com/u/38618778/empresarios2015/male2.jpg","#00FFFF",1
"De Greiff Lindo Monica","circle","F",1045.9503,1072.7992,"De Greiff Lindo Monica","persona","https://dl.dropboxusercontent.com/u/38618778/empresarios2015/female2.jpg","#00FFFF",1
"De la Espriella Ossio Alfonso","circle","M",49.084087,-616.4207,"De la Espriella Ossio Alfonso","persona","https://dl.dropboxusercontent.com/u/38618778/empresarios2015/male2.jpg","#00FFFF",1
"De Mares Colom Alfonso","circle","M",-773.5232,-1132.3573,"De Mares Colom Alfonso","persona","https://dl.dropboxusercontent.com/u/38618778/empresarios2015/male2.jpg","#00FFFF",1
"Delgado Rivera Miguel Ángel","circle","M",312.9814,-1246.713,"Delgado Rivera Miguel Ángel","persona","https://dl.dropboxusercontent.com/u/38618778/empresarios2015/male2.jpg","#00FFFF",1
"Diaz Pinilla Norma Yaneth","circle","F",483.6644,1724.279,"Diaz Pinilla Norma Yaneth","persona","https://dl.dropboxusercontent.com/u/38618778/empresarios2015/female2.jpg","#00FFFF",1
"Díez Gómez Carlos Mario","circle","M",-569.5704,1038.293,"Díez Gómez Carlos Mario","persona","https://dl.dropboxusercontent.com/u/38618778/empresarios2015/male2.jpg","#00FFFF",1
"Drummond","circle",NA,-1440.8356,443.09167,"Drummond","empresa","https://dl.dropboxusercontent.com/u/38618778/empresarios2015/desk.png","#DBF8FF",3
"Duarte Duarte Mauricio Alfonso","circle","M",412.89505,-902.7655,"Duarte Duarte Mauricio Alfonso","persona","https://dl.dropboxusercontent.com/u/38618778/empresarios2015/male2.jpg","#00FFFF",1
"EAAB","circle",NA,-226.52763,-749.9694,"EAAB","empresa","https://dl.dropboxusercontent.com/u/38618778/empresarios2015/desk.png","#DBF8FF",3
"Echeverri Correa Fabio","circle","M",1685.9895,-786.04175,"Echeverri Correa Fabio","persona","https://dl.dropboxusercontent.com/u/38618778/empresarios2015/male2.jpg","#00FFFF",1
"Ecopetrol","circle",NA,1039.7263,-1171.4458,"Ecopetrol","empresa","https://dl.dropboxusercontent.com/u/38618778/empresarios2015/desk.png","#DBF8FF",3
"Eddy Maccoy Paul Gordon","circle","M",-1151.997,140.5462,"Eddy Maccoy Paul Gordon","persona","https://dl.dropboxusercontent.com/u/38618778/empresarios2015/male2.jpg","#00FFFF",1
"Edward Talintyre Nicholas John","circle","M",1333.7174,469.58374,"Edward Talintyre Nicholas John","persona","https://dl.dropboxusercontent.com/u/38618778/empresarios2015/male2.jpg","#00FFFF",1
"EEB","circle",NA,208.23468,-1132.3126,"EEB","empresa","https://dl.dropboxusercontent.com/u/38618778/empresarios2015/desk.png","#DBF8FF",3
"Electricaribe","circle",NA,-710.3837,-1177.4462,"Electricaribe","empresa","https://dl.dropboxusercontent.com/u/38618778/empresarios2015/desk.png","#DBF8FF",3
"Emcali","circle",NA,1622.4541,-334.5926,"Emcali","empresa","https://dl.dropboxusercontent.com/u/38618778/empresarios2015/desk.png","#DBF8FF",3
"Emgesa","circle",NA,-457.13626,-1759.241,"Emgesa","empresa","https://dl.dropboxusercontent.com/u/38618778/empresarios2015/desk.png","#DBF8FF",3
"EPM","circle",NA,926.37476,180.27133,"EPM","empresa","https://dl.dropboxusercontent.com/u/38618778/empresarios2015/desk.png","#DBF8FF",3
"Escudero Gómez Juan Rafael","circle","M",-1084.9425,641.25867,"Escudero Gómez Juan Rafael","persona","https://dl.dropboxusercontent.com/u/38618778/empresarios2015/male2.jpg","#00FFFF",1
"ETB","circle",NA,318.14914,-874.5792,"ETB","empresa","https://dl.dropboxusercontent.com/u/38618778/empresarios2015/desk.png","#DBF8FF",3
"Éxito","circle",NA,-457.00497,1139.2499,"Éxito","empresa","https://dl.dropboxusercontent.com/u/38618778/empresarios2015/desk.png","#DBF8FF",3
"Exxonmobil","circle",NA,-717.9977,-353.56097,"Exxonmobil","empresa","https://dl.dropboxusercontent.com/u/38618778/empresarios2015/desk.png","#DBF8FF",3
"Fajardo Pinto Ernesto","circle","M",-1345.1509,1001.38947,"Fajardo Pinto Ernesto","persona","https://dl.dropboxusercontent.com/u/38618778/empresarios2015/male2.jpg","#00FFFF",1
"Familia","circle",NA,1320.2837,1254.9662,"Familia","empresa","https://dl.dropboxusercontent.com/u/38618778/empresarios2015/desk.png","#DBF8FF",3
"Fernández de Soto Valderrama Néstor","circle","M",340.5683,1625.3751,"Fernández de Soto Valderrama Néstor","persona","https://dl.dropboxusercontent.com/u/38618778/empresarios2015/male2.jpg","#00FFFF",1
"Fernandez Mejía Luisa","circle","F",-1458.475,545.85376,"Fernandez Mejía Luisa","persona","https://dl.dropboxusercontent.com/u/38618778/empresarios2015/female2.jpg","#00FFFF",1
"Fernández Navarro Rafael","circle","M",1262.8334,-1400.0767,"Fernández Navarro Rafael","persona","https://dl.dropboxusercontent.com/u/38618778/empresarios2015/male2.jpg","#00FFFF",1
"Fernandez Vélez Gabriel Enrique","circle","M",-632.08246,-412.38553,"Fernandez Vélez Gabriel Enrique","persona","https://dl.dropboxusercontent.com/u/38618778/empresarios2015/male2.jpg","#00FFFF",1
"Ferreira Rueda Horacio","circle","M",1031.0415,-1091.4358,"Ferreira Rueda Horacio","persona","https://dl.dropboxusercontent.com/u/38618778/empresarios2015/male2.jpg","#00FFFF",1
"Figueroa Jaramillo Alejandro Augusto","circle","M",401.02258,-582.0092,"Figueroa Jaramillo Alejandro Augusto","persona","https://dl.dropboxusercontent.com/u/38618778/empresarios2015/male2.jpg","#00FFFF",1
"Flórez Camacho Enrique","circle","M",-1218.2113,-660.7441,"Flórez Camacho Enrique","persona","https://dl.dropboxusercontent.com/u/38618778/empresarios2015/male2.jpg","#00FFFF",1
"Fonseca Arenas Sandra Stella","circle","F",-486.46945,-1667.4099,"Fonseca Arenas Sandra Stella","persona","https://dl.dropboxusercontent.com/u/38618778/empresarios2015/female2.jpg","#00FFFF",1
"Fonseca Salamanca Urbano","circle","M",1013.2728,762.86487,"Fonseca Salamanca Urbano","persona","https://dl.dropboxusercontent.com/u/38618778/empresarios2015/male2.jpg","#00FFFF",1
"Forero Fonseca Efraín Enrique","circle","M",-1258.6876,-850.92633,"Forero Fonseca Efraín Enrique","persona","https://dl.dropboxusercontent.com/u/38618778/empresarios2015/male2.jpg","#00FFFF",1
"Gallo Restrepo Luis Gonzalo","circle","M",1138.8347,-891.95715,"Gallo Restrepo Luis Gonzalo","persona","https://dl.dropboxusercontent.com/u/38618778/empresarios2015/male2.jpg","#00FFFF",1
"Garcés Jordán Jorge","circle","M",-515.60583,371.08325,"Garcés Jordán Jorge","persona","https://dl.dropboxusercontent.com/u/38618778/empresarios2015/male2.jpg","#00FFFF",1
"García Cañizares Juan Carlos","circle","M",-1527.7731,-261.5197,"García Cañizares Juan Carlos","persona","https://dl.dropboxusercontent.com/u/38618778/empresarios2015/male2.jpg","#00FFFF",1
"Gas Natural","circle",NA,-348.22357,-990.003,"Gas Natural","empresa","https://dl.dropboxusercontent.com/u/38618778/empresarios2015/desk.png","#DBF8FF",3
"Giraldo Bejarano Juan Pablo","circle","M",-416.28613,175.12036,"Giraldo Bejarano Juan Pablo","persona","https://dl.dropboxusercontent.com/u/38618778/empresarios2015/male2.jpg","#00FFFF",1
"Giraldo Moreno Carlos Mario","circle","M",-296.6323,1134.1012,"Giraldo Moreno Carlos Mario","persona","https://dl.dropboxusercontent.com/u/38618778/empresarios2015/male2.jpg","#00FFFF",1
"Gómez Alzate Camilo Alberto","circle","M",1772.3574,99.32177,"Gómez Alzate Camilo Alberto","persona","https://dl.dropboxusercontent.com/u/38618778/empresarios2015/male2.jpg","#00FFFF",1
"Gómez Arango Jaime Gilberto","circle","M",1006.5709,1259.903,"Gómez Arango Jaime Gilberto","persona","https://dl.dropboxusercontent.com/u/38618778/empresarios2015/male2.jpg","#00FFFF",1
"Gómez Cerón Gustavo","circle","M",-568.3923,-1622.1456,"Gómez Cerón Gustavo","persona","https://dl.dropboxusercontent.com/u/38618778/empresarios2015/male2.jpg","#00FFFF",1
"Gómez Jaramillo José Antonio","circle","M",1348.1566,1150.2097,"Gómez Jaramillo José Antonio","persona","https://dl.dropboxusercontent.com/u/38618778/empresarios2015/male2.jpg","#00FFFF",1
"Gómez Palacio Alfonso","circle","M",1606.2838,-782.52924,"Gómez Palacio Alfonso","persona","https://dl.dropboxusercontent.com/u/38618778/empresarios2015/male2.jpg","#00FFFF",1
"Gómez Pineda Goizueta Iñigo Iñigo","circle","M",1651.5875,199.8037,"Gómez Pineda Goizueta Iñigo Iñigo","persona","https://dl.dropboxusercontent.com/u/38618778/empresarios2015/male2.jpg","#00FFFF",1
"Gómez Restrepo Hernando José","circle","M",345.4986,1199.5898,"Gómez Restrepo Hernando José","persona","https://dl.dropboxusercontent.com/u/38618778/empresarios2015/male2.jpg","#00FFFF",1
"González Estrada Tomás","circle","M",1052.7479,-1015.8364,"González Estrada Tomás","persona","https://dl.dropboxusercontent.com/u/38618778/empresarios2015/male2.jpg","#00FFFF",1
"Gorricho Visiers Jose Andres","circle","M",1672.5309,118.20994,"Gorricho Visiers Jose Andres","persona","https://dl.dropboxusercontent.com/u/38618778/empresarios2015/male2.jpg","#00FFFF",1
"Grimaldos Franco Diego Fernando","circle","M",-681.9971,-1283.63,"Grimaldos Franco Diego Fernando","persona","https://dl.dropboxusercontent.com/u/38618778/empresarios2015/male2.jpg","#00FFFF",1
"Grupo Argos","circle",NA,11.042871,821.79376,"Grupo Argos","empresa","https://dl.dropboxusercontent.com/u/38618778/empresarios2015/desk.png","#DBF8FF",3
"Gundermann Wylie Enrique","circle","M",419.76834,-1824.3406,"Gundermann Wylie Enrique","persona","https://dl.dropboxusercontent.com/u/38618778/empresarios2015/male2.jpg","#00FFFF",1
"Gutiérrez Botero Maria Lorena","circle","F",464.0467,380.35696,"Gutiérrez Botero Maria Lorena","persona","https://dl.dropboxusercontent.com/u/38618778/empresarios2015/female2.jpg","#00FFFF",1
"Gutiérrez Navarro Luis Felipe","circle","M",229.3114,1726.9465,"Gutiérrez Navarro Luis Felipe","persona","https://dl.dropboxusercontent.com/u/38618778/empresarios2015/male2.jpg","#00FFFF",1
"Gutiérrez Navarro Miguel Ignacio","circle","M",515.98694,-316.39526,"Gutiérrez Navarro Miguel Ignacio","persona","https://dl.dropboxusercontent.com/u/38618778/empresarios2015/male2.jpg","#00FFFF",1
"Gutiérrez Pemberthy Javier Genaro","circle","M",894.87445,-1312.1921,"Gutiérrez Pemberthy Javier Genaro","persona","https://dl.dropboxusercontent.com/u/38618778/empresarios2015/male2.jpg","#00FFFF",1
"Gutiérrez Vergara Mauricio","circle","M",1057.2544,-576.785,"Gutiérrez Vergara Mauricio","persona","https://dl.dropboxusercontent.com/u/38618778/empresarios2015/male2.jpg","#00FFFF",1
"Heins Finkenstaedt Guillermo","circle","M",-95.13306,825.1371,"Heins Finkenstaedt Guillermo","persona","https://dl.dropboxusercontent.com/u/38618778/empresarios2015/male2.jpg","#00FFFF",1
"Hidalgo Salazar Andrés","circle","M",-1083.9716,1475.7766,"Hidalgo Salazar Andrés","persona","https://dl.dropboxusercontent.com/u/38618778/empresarios2015/male2.jpg","#00FFFF",1
"Hommes Rodríguez Rudolf","circle","M",-1465.7074,5.319387,"Hommes Rodríguez Rudolf","persona","https://dl.dropboxusercontent.com/u/38618778/empresarios2015/male2.jpg","#00FFFF",1
"Iragorri Rizo Mauricio","circle","M",1267.3651,-581.67523,"Iragorri Rizo Mauricio","persona","https://dl.dropboxusercontent.com/u/38618778/empresarios2015/male2.jpg","#00FFFF",1
"ISA","circle",NA,1016.419,-892.83844,"ISA","empresa","https://dl.dropboxusercontent.com/u/38618778/empresarios2015/desk.png","#DBF8FF",3
"Isagen","circle",NA,711.79065,-184.18668,"Isagen","empresa","https://dl.dropboxusercontent.com/u/38618778/empresarios2015/desk.png","#DBF8FF",3
"Jaramillo Gómez Gabriel Arturo","circle","M",-454.25592,342.1496,"Jaramillo Gómez Gabriel Arturo","persona","https://dl.dropboxusercontent.com/u/38618778/empresarios2015/male2.jpg","#00FFFF",1
"Jaramillo Martínez Guillermo Alfonso","circle","M",222.38617,-1057.7275,"Jaramillo Martínez Guillermo Alfonso","persona","https://dl.dropboxusercontent.com/u/38618778/empresarios2015/male2.jpg","#00FFFF",1
"Jumbo","circle",NA,-1846.4857,-148.07619,"Jumbo","empresa","https://dl.dropboxusercontent.com/u/38618778/empresarios2015/desk.png","#DBF8FF",3
"Krause Niclas Stefan","circle","M",-1864.9579,-249.392,"Krause Niclas Stefan","persona","https://dl.dropboxusercontent.com/u/38618778/empresarios2015/male2.jpg","#00FFFF",1
"Largacha Martínez Miguel","circle","M",654.3489,-588.38086,"Largacha Martínez Miguel","persona","https://dl.dropboxusercontent.com/u/38618778/empresarios2015/male2.jpg","#00FFFF",1
"Ljubetic Garib Leonardo","circle","M",-350.46335,276.92508,"Ljubetic Garib Leonardo","persona","https://dl.dropboxusercontent.com/u/38618778/empresarios2015/male2.jpg","#00FFFF",1
"Londoño Posada Juan Guillermo","circle","M",188.66367,534.5573,"Londoño Posada Juan Guillermo","persona","https://dl.dropboxusercontent.com/u/38618778/empresarios2015/male2.jpg","#00FFFF",1
"Lopes Martínez Nilson","circle","M",-1116.8297,-499.83487,"Lopes Martínez Nilson","persona","https://dl.dropboxusercontent.com/u/38618778/empresarios2015/male2.jpg","#00FFFF",1
"Lora Borrero Julián","circle","M",1673.7458,-412.46625,"Lora Borrero Julián","persona","https://dl.dropboxusercontent.com/u/38618778/empresarios2015/male2.jpg","#00FFFF",1
"Madonado Copello María Mercedes","circle","F",210.89804,-832.89087,"Madonado Copello María Mercedes","persona","https://dl.dropboxusercontent.com/u/38618778/empresarios2015/female2.jpg","#00FFFF",1
"Maldonado Umaña Mauricio","circle","M",-59.412045,-1499.0911,"Maldonado Umaña Mauricio","persona","https://dl.dropboxusercontent.com/u/38618778/empresarios2015/male2.jpg","#00FFFF",1
"Maltes Tello Luis Francisco","circle","M",306.93036,1812.8918,"Maltes Tello Luis Francisco","persona","https://dl.dropboxusercontent.com/u/38618778/empresarios2015/male2.jpg","#00FFFF",1
"Manosalva Rojas Hector","circle","M",1079.3223,-1280.7819,"Manosalva Rojas Hector","persona","https://dl.dropboxusercontent.com/u/38618778/empresarios2015/male2.jpg","#00FFFF",1
"Martínez Ortiz Astrid","circle","F",815.255,-1528.7458,"Martínez Ortiz Astrid","persona","https://dl.dropboxusercontent.com/u/38618778/empresarios2015/female2.jpg","#00FFFF",1
"Martínez Torres Hernán Juan José","circle","M",139.48055,191.07616,"Martínez Torres Hernán Juan José","persona","https://dl.dropboxusercontent.com/u/38618778/empresarios2015/male2.jpg","#00FFFF",1
"Martínez Villegas Rafael","circle","M",148.46364,1126.1482,"Martínez Villegas Rafael","persona","https://dl.dropboxusercontent.com/u/38618778/empresarios2015/male2.jpg","#00FFFF",1
"Mejía Cabal Iván Felipe","circle","M",1307.9523,-525.7819,"Mejía Cabal Iván Felipe","persona","https://dl.dropboxusercontent.com/u/38618778/empresarios2015/male2.jpg","#00FFFF",1
"Mejía Castro Luis Ernesto","circle","M",33.735435,-1443.9464,"Mejía Castro Luis Ernesto","persona","https://dl.dropboxusercontent.com/u/38618778/empresarios2015/male2.jpg","#00FFFF",1
"Mejía Castro Maria Fernanda","circle","F",374.6988,613.0159,"Mejía Castro Maria Fernanda","persona","https://dl.dropboxusercontent.com/u/38618778/empresarios2015/female2.jpg","#00FFFF",1
"Merlano Alcocer Alberto","circle","M",-341.24127,-722.9676,"Merlano Alcocer Alberto","persona","https://dl.dropboxusercontent.com/u/38618778/empresarios2015/male2.jpg","#00FFFF",1
"Mesa Zuleta María Luisa","circle","F",263.70172,534.35565,"Mesa Zuleta María Luisa","persona","https://dl.dropboxusercontent.com/u/38618778/empresarios2015/female2.jpg","#00FFFF",1
"Montenegro Trujillo Armando","circle","M",-1275.0764,-1316.529,"Montenegro Trujillo Armando","persona","https://dl.dropboxusercontent.com/u/38618778/empresarios2015/male2.jpg","#00FFFF",1
"Moreno Mejía Carlos Enrique","circle","M",589.5331,-1747.6184,"Moreno Mejía Carlos Enrique","persona","https://dl.dropboxusercontent.com/u/38618778/empresarios2015/male2.jpg","#00FFFF",1
"Moreno Restrepo Ernesto","circle","M",-429.15668,-1523.3029,"Moreno Restrepo Ernesto","persona","https://dl.dropboxusercontent.com/u/38618778/empresarios2015/male2.jpg","#00FFFF",1
"Moreno Uribe Joaquín","circle","M",1115.4823,-1085.7135,"Moreno Uribe Joaquín","persona","https://dl.dropboxusercontent.com/u/38618778/empresarios2015/male2.jpg","#00FFFF",1
"Moreno Zapata Paula Marcela","circle","F",1710.5046,-291.2723,"Moreno Zapata Paula Marcela","persona","https://dl.dropboxusercontent.com/u/38618778/empresarios2015/female2.jpg","#00FFFF",1
"Múnera Posada Juan Fernando","circle","M",-636.69104,245.03914,"Múnera Posada Juan Fernando","persona","https://dl.dropboxusercontent.com/u/38618778/empresarios2015/male2.jpg","#00FFFF",1
"Múnera Tobón María de las Mercedes del Perpetuo Socorro","circle","F",-172.32298,1557.7552,"Múnera Tobón María de las Mercedes del Perpetuo Socorro","persona","https://dl.dropboxusercontent.com/u/38618778/empresarios2015/female2.jpg","#00FFFF",1
"Muñoz Tamayo Rodrigo","circle","M",1678.3167,313.90915,"Muñoz Tamayo Rodrigo","persona","https://dl.dropboxusercontent.com/u/38618778/empresarios2015/male2.jpg","#00FFFF",1
"Nasser Facusse Federico","circle","M",-1274.2343,-1251.2344,"Nasser Facusse Federico","persona","https://dl.dropboxusercontent.com/u/38618778/empresarios2015/male2.jpg","#00FFFF",1
"Noero Arango Vicente","circle","M",-274.22806,-1616.0663,"Noero Arango Vicente","persona","https://dl.dropboxusercontent.com/u/38618778/empresarios2015/male2.jpg","#00FFFF",1
"Nova Estrada Martín","circle","M",-481.9878,1053.601,"Nova Estrada Martín","persona","https://dl.dropboxusercontent.com/u/38618778/empresarios2015/male2.jpg","#00FFFF",1
"Nueva EPS","circle",NA,1018.0055,1166.6818,"Nueva EPS","empresa","https://dl.dropboxusercontent.com/u/38618778/empresarios2015/desk.png","#DBF8FF",3
"Nutresa","circle",NA,424.0782,906.0183,"Nutresa","empresa","https://dl.dropboxusercontent.com/u/38618778/empresarios2015/desk.png","#DBF8FF",3
"Obregón Trujillo Ricardo Emilio","circle","M",-667.2687,1698.5919,"Obregón Trujillo Ricardo Emilio","persona","https://dl.dropboxusercontent.com/u/38618778/empresarios2015/male2.jpg","#00FFFF",1
"Ojalvo Prieto Fernando","circle","M",809.1225,1459.8337,"Ojalvo Prieto Fernando","persona","https://dl.dropboxusercontent.com/u/38618778/empresarios2015/male2.jpg","#00FFFF",1
"Olímpica","circle",NA,-1706.8798,-577.74426,"Olímpica","empresa","https://dl.dropboxusercontent.com/u/38618778/empresarios2015/desk.png","#DBF8FF",3
"Orbis","circle",NA,-630.7648,1600.8231,"Orbis","empresa","https://dl.dropboxusercontent.com/u/38618778/empresarios2015/desk.png","#DBF8FF",3
"Ortiz Delgado María Fernanda","circle","F",-830.65173,-1215.8302,"Ortiz Delgado María Fernanda","persona","https://dl.dropboxusercontent.com/u/38618778/empresarios2015/female2.jpg","#00FFFF",1
"Osorio Hurtado Sergio Andrés","circle","M",14.099597,885.492,"Osorio Hurtado Sergio Andrés","persona","https://dl.dropboxusercontent.com/u/38618778/empresarios2015/male2.jpg","#00FFFF",1
"Otero Álvarez Efraín","circle","M",913.00806,-514.334,"Otero Álvarez Efraín","persona","https://dl.dropboxusercontent.com/u/38618778/empresarios2015/male2.jpg","#00FFFF",1
"Pabón Pabón Luis Fernando","circle","M",654.5525,-368.5362,"Pabón Pabón Luis Fernando","persona","https://dl.dropboxusercontent.com/u/38618778/empresarios2015/male2.jpg","#00FFFF",1
"Pacheco Cortés Eduardo","circle","M",-944.35944,277.18362,"Pacheco Cortés Eduardo","persona","https://dl.dropboxusercontent.com/u/38618778/empresarios2015/male2.jpg","#00FFFF",1
"Pacheco Cortés Rodrigo","circle","M",-1003.96,358.52795,"Pacheco Cortés Rodrigo","persona","https://dl.dropboxusercontent.com/u/38618778/empresarios2015/male2.jpg","#00FFFF",1
"Pacific Rubiales","circle",NA,53.702965,70.28242,"Pacific Rubiales","empresa","https://dl.dropboxusercontent.com/u/38618778/empresarios2015/desk.png","#DBF8FF",3
"Panesso Serna Fernando","circle","M",-1799.0812,486.40863,"Panesso Serna Fernando","persona","https://dl.dropboxusercontent.com/u/38618778/empresarios2015/male2.jpg","#00FFFF",1
"Pantin Caravallo Ronald","circle","M",-34.364666,124.86387,"Pantin Caravallo Ronald","persona","https://dl.dropboxusercontent.com/u/38618778/empresarios2015/male2.jpg","#00FFFF",1
"Parra Satizábal Carlos Alberto","circle","M",-683.56287,-1085.0371,"Parra Satizábal Carlos Alberto","persona","https://dl.dropboxusercontent.com/u/38618778/empresarios2015/male2.jpg","#00FFFF",1
"Peláez Arango Álvaro","circle","M",-1282.0114,-801.98846,"Peláez Arango Álvaro","persona","https://dl.dropboxusercontent.com/u/38618778/empresarios2015/male2.jpg","#00FFFF",1
"Peláez Gamboa Luis Fernando","circle","M",1495.2604,92.32172,"Peláez Gamboa Luis Fernando","persona","https://dl.dropboxusercontent.com/u/38618778/empresarios2015/male2.jpg","#00FFFF",1
"Peña Rey David Ambrosio","circle","M",-1200.1652,-811.0165,"Peña Rey David Ambrosio","persona","https://dl.dropboxusercontent.com/u/38618778/empresarios2015/male2.jpg","#00FFFF",1
"Pérez García Miguel Alberto","circle","M",449.9807,1773.4009,"Pérez García Miguel Alberto","persona","https://dl.dropboxusercontent.com/u/38618778/empresarios2015/male2.jpg","#00FFFF",1
"Pérez Javier Julian","circle","M",1735.9265,274.7997,"Pérez Javier Julian","persona","https://dl.dropboxusercontent.com/u/38618778/empresarios2015/male2.jpg","#00FFFF",1
"Pérez Rojas Gonzalo Alberto","circle","M",282.74542,888.3014,"Pérez Rojas Gonzalo Alberto","persona","https://dl.dropboxusercontent.com/u/38618778/empresarios2015/male2.jpg","#00FFFF",1
"Perry Rubio Guillermo","circle","M",175.19838,-911.5158,"Perry Rubio Guillermo","persona","https://dl.dropboxusercontent.com/u/38618778/empresarios2015/male2.jpg","#00FFFF",1
"Petrobras","circle",NA,-284.44772,1825.298,"Petrobras","empresa","https://dl.dropboxusercontent.com/u/38618778/empresarios2015/desk.png","#DBF8FF",3
"Piedrahíta Uribe Esteban","circle","M",-320.2049,671.8853,"Piedrahíta Uribe Esteban","persona","https://dl.dropboxusercontent.com/u/38618778/empresarios2015/male2.jpg","#00FFFF",1
"Pinto Delgado Jose Armando","circle","M",-664.9403,-857.6176,"Pinto Delgado Jose Armando","persona","https://dl.dropboxusercontent.com/u/38618778/empresarios2015/male2.jpg","#00FFFF",1
"Pinzón Sánchez Jorge Gabino","circle","M",909.95636,-1175.5913,"Pinzón Sánchez Jorge Gabino","persona","https://dl.dropboxusercontent.com/u/38618778/empresarios2015/male2.jpg","#00FFFF",1
"Ponce García Fabricio","circle","M",-584.89655,744.6446,"Ponce García Fabricio","persona","https://dl.dropboxusercontent.com/u/38618778/empresarios2015/male2.jpg","#00FFFF",1
"Porvenir","circle",NA,654.05707,-491.86246,"Porvenir","empresa","https://dl.dropboxusercontent.com/u/38618778/empresarios2015/desk.png","#DBF8FF",3
"Positiva Seguros de Vida","circle",NA,539.32764,322.4163,"Positiva Seguros de Vida","empresa","https://dl.dropboxusercontent.com/u/38618778/empresarios2015/desk.png","#DBF8FF",3
"Postobón","circle",NA,391.48337,-154.18602,"Postobón","empresa","https://dl.dropboxusercontent.com/u/38618778/empresarios2015/desk.png","#DBF8FF",3
"Prodeco","circle",NA,1429.249,-1001.56024,"Prodeco","empresa","https://dl.dropboxusercontent.com/u/38618778/empresarios2015/desk.png","#DBF8FF",3
"Promigás","circle",NA,-85.19802,-1343.6636,"Promigás","empresa","https://dl.dropboxusercontent.com/u/38618778/empresarios2015/desk.png","#DBF8FF",3
"Protección","circle",NA,766.8332,1557.6046,"Protección","empresa","https://dl.dropboxusercontent.com/u/38618778/empresarios2015/desk.png","#DBF8FF",3
"Quintaes Vello Gustavo","circle","M",-1111.6342,-432.11813,"Quintaes Vello Gustavo","persona","https://dl.dropboxusercontent.com/u/38618778/empresarios2015/male2.jpg","#00FFFF",1
"Quintero Balcázar Bernardo","circle","M",1177.6104,-212.91159,"Quintero Balcázar Bernardo","persona","https://dl.dropboxusercontent.com/u/38618778/empresarios2015/male2.jpg","#00FFFF",1
"Rabinovich Manevich Tulio","circle","M",-502.06018,82.42647,"Rabinovich Manevich Tulio","persona","https://dl.dropboxusercontent.com/u/38618778/empresarios2015/male2.jpg","#00FFFF",1
"Raffo Palau Álvaro Pío","circle","M",1749.3573,-346.96384,"Raffo Palau Álvaro Pío","persona","https://dl.dropboxusercontent.com/u/38618778/empresarios2015/male2.jpg","#00FFFF",1
"Rangel Rocha José Salomón","circle","M",-205.73451,-624.33044,"Rangel Rocha José Salomón","persona","https://dl.dropboxusercontent.com/u/38618778/empresarios2015/male2.jpg","#00FFFF",1
"Reficar","circle",NA,748.71326,-1430.7843,"Reficar","empresa","https://dl.dropboxusercontent.com/u/38618778/empresarios2015/desk.png","#DBF8FF",3
"Reina Echeverri Mauricio","circle","M",345.2925,939.59656,"Reina Echeverri Mauricio","persona","https://dl.dropboxusercontent.com/u/38618778/empresarios2015/male2.jpg","#00FFFF",1
"Reinoso Yánez Reyes","circle","M",612.72253,-1478.489,"Reinoso Yánez Reyes","persona","https://dl.dropboxusercontent.com/u/38618778/empresarios2015/male2.jpg","#00FFFF",1
"Rengifo Hernández Milton","circle","M",380.45364,-1148.4609,"Rengifo Hernández Milton","persona","https://dl.dropboxusercontent.com/u/38618778/empresarios2015/male2.jpg","#00FFFF",1
"Resende Murssa Sara Regina","circle","F",-1023.9361,-662.48663,"Resende Murssa Sara Regina","persona","https://dl.dropboxusercontent.com/u/38618778/empresarios2015/female2.jpg","#00FFFF",1
"Restrepo Abondano José Manuel","circle","M",284.47873,1731.6984,"Restrepo Abondano José Manuel","persona","https://dl.dropboxusercontent.com/u/38618778/empresarios2015/male2.jpg","#00FFFF",1
"Restrepo Londoño Andrés","circle","M",-1709.0216,465.60056,"Restrepo Londoño Andrés","persona","https://dl.dropboxusercontent.com/u/38618778/empresarios2015/male2.jpg","#00FFFF",1
"Restrepo Montoya Andres","circle","M",433.96048,305.97827,"Restrepo Montoya Andres","persona","https://dl.dropboxusercontent.com/u/38618778/empresarios2015/male2.jpg","#00FFFF",1
"Restrepo Varela Juan Guillermo","circle","M",-1108.6034,-99.535194,"Restrepo Varela Juan Guillermo","persona","https://dl.dropboxusercontent.com/u/38618778/empresarios2015/male2.jpg","#00FFFF",1
"Rey Mora Dario","circle","M",1271.8337,1194.6188,"Rey Mora Dario","persona","https://dl.dropboxusercontent.com/u/38618778/empresarios2015/male2.jpg","#00FFFF",1
"Rivera Germán Víctor","circle","M",175.3026,130.13177,"Rivera Germán Víctor","persona","https://dl.dropboxusercontent.com/u/38618778/empresarios2015/male2.jpg","#00FFFF",1
"Rivera Hernández Álvaro José","circle","M",1472.9344,719.4033,"Rivera Hernández Álvaro José","persona","https://dl.dropboxusercontent.com/u/38618778/empresarios2015/male2.jpg","#00FFFF",1
"Roa Barragán Ricardo","circle","M",-416.27945,-1710.3943,"Roa Barragán Ricardo","persona","https://dl.dropboxusercontent.com/u/38618778/empresarios2015/male2.jpg","#00FFFF",1
"Robledo Uribe Juan María","circle","M",749.44324,-532.6342,"Robledo Uribe Juan María","persona","https://dl.dropboxusercontent.com/u/38618778/empresarios2015/male2.jpg","#00FFFF",1
"Rodríguez Ballesteros Augusto","circle","M",-277.6079,-824.35547,"Rodríguez Ballesteros Augusto","persona","https://dl.dropboxusercontent.com/u/38618778/empresarios2015/male2.jpg","#00FFFF",1
"Rodríguez Cofre Daniel Alberto","circle","M",-1802.9977,-76.9996,"Rodríguez Cofre Daniel Alberto","persona","https://dl.dropboxusercontent.com/u/38618778/empresarios2015/male2.jpg","#00FFFF",1
"Rodríguez Guerrero José Orlando","circle","M",59.158813,-1159.6077,"Rodríguez Guerrero José Orlando","persona","https://dl.dropboxusercontent.com/u/38618778/empresarios2015/male2.jpg","#00FFFF",1
"Rodríguez Taylor Elizabeth Cristina","circle","F",588.6942,235.39403,"Rodríguez Taylor Elizabeth Cristina","persona","https://dl.dropboxusercontent.com/u/38618778/empresarios2015/female2.jpg","#00FFFF",1
"Roldán Eusse Humberto","circle","M",-161.967,1470.1412,"Roldán Eusse Humberto","persona","https://dl.dropboxusercontent.com/u/38618778/empresarios2015/male2.jpg","#00FFFF",1
"Roncallo Cabal Carlos Alberto","circle","M",-1341.9004,941.9133,"Roncallo Cabal Carlos Alberto","persona","https://dl.dropboxusercontent.com/u/38618778/empresarios2015/male2.jpg","#00FFFF",1
"Rosales Navarro Pedro","circle","M",633.4286,-1426.3235,"Rosales Navarro Pedro","persona","https://dl.dropboxusercontent.com/u/38618778/empresarios2015/male2.jpg","#00FFFF",1
"Rosales Navarro Pedro Alfonso","circle","M",1009.59863,-1263.7555,"Rosales Navarro Pedro Alfonso","persona","https://dl.dropboxusercontent.com/u/38618778/empresarios2015/male2.jpg","#00FFFF",1
"Ruge Téllez Orlando","circle","M",-404.98798,1816.9966,"Ruge Téllez Orlando","persona","https://dl.dropboxusercontent.com/u/38618778/empresarios2015/male2.jpg","#00FFFF",1
"Ruiz González Nasly Jennifer","circle","F",79.00945,-1103.9648,"Ruiz González Nasly Jennifer","persona","https://dl.dropboxusercontent.com/u/38618778/empresarios2015/female2.jpg","#00FFFF",1
"Saa Navia Gilberto","circle","M",1307.2211,-600.14374,"Saa Navia Gilberto","persona","https://dl.dropboxusercontent.com/u/38618778/empresarios2015/male2.jpg","#00FFFF",1
"Saavedra García Carlos","circle","M",1314.6047,801.7057,"Saavedra García Carlos","persona","https://dl.dropboxusercontent.com/u/38618778/empresarios2015/male2.jpg","#00FFFF",1
"Sabbagh Sanvicente Luis Carlos","circle","M",1848.4674,161.0535,"Sabbagh Sanvicente Luis Carlos","persona","https://dl.dropboxusercontent.com/u/38618778/empresarios2015/male2.jpg","#00FFFF",1
"Saldarriaga Sanín Juan Guillermo","circle","M",-656.49414,1508.3182,"Saldarriaga Sanín Juan Guillermo","persona","https://dl.dropboxusercontent.com/u/38618778/empresarios2015/male2.jpg","#00FFFF",1
"Saludcoop","circle",NA,1745.6581,-557.5705,"Saludcoop","empresa","https://dl.dropboxusercontent.com/u/38618778/empresarios2015/desk.png","#DBF8FF",3
"Samsung","circle",NA,-757.3226,-804.7673,"Samsung","empresa","https://dl.dropboxusercontent.com/u/38618778/empresarios2015/desk.png","#DBF8FF",3
"Sánchez Benítez Ramiro Hernando","circle","M",-1226.4404,-1191.4675,"Sánchez Benítez Ramiro Hernando","persona","https://dl.dropboxusercontent.com/u/38618778/empresarios2015/male2.jpg","#00FFFF",1
"Sánchez Blanco Gabriel Armando","circle","M",-517.5187,136.67499,"Sánchez Blanco Gabriel Armando","persona","https://dl.dropboxusercontent.com/u/38618778/empresarios2015/male2.jpg","#00FFFF",1
"Sánchez Jaramillo Óscar","circle","M",477.1323,-896.78076,"Sánchez Jaramillo Óscar","persona","https://dl.dropboxusercontent.com/u/38618778/empresarios2015/male2.jpg","#00FFFF",1
"Sánchez Vaca Alejandro","circle","M",263.9717,-1290.9075,"Sánchez Vaca Alejandro","persona","https://dl.dropboxusercontent.com/u/38618778/empresarios2015/male2.jpg","#00FFFF",1
"Santos Mera Jaime Eduardo","circle","M",-1104.7588,148.37485,"Santos Mera Jaime Eduardo","persona","https://dl.dropboxusercontent.com/u/38618778/empresarios2015/male2.jpg","#00FFFF",1
"Sarmiento Gutiérrez Luis Carlos","circle","M",40.23179,-701.52185,"Sarmiento Gutiérrez Luis Carlos","persona","https://dl.dropboxusercontent.com/u/38618778/empresarios2015/male2.jpg","#00FFFF",1
"Sarmiento Palacio Eduardo","circle","M",446.50443,-837.7589,"Sarmiento Palacio Eduardo","persona","https://dl.dropboxusercontent.com/u/38618778/empresarios2015/male2.jpg","#00FFFF",1
"Scarpetta Gnecco Mario","circle","M",-94.29527,904.54663,"Scarpetta Gnecco Mario","persona","https://dl.dropboxusercontent.com/u/38618778/empresarios2015/male2.jpg","#00FFFF",1
"Sierra Moreno Ricardo","circle","M",341.85828,1247.9224,"Sierra Moreno Ricardo","persona","https://dl.dropboxusercontent.com/u/38618778/empresarios2015/male2.jpg","#00FFFF",1
"Silva Salamanca Roberto","circle","M",-562.55884,1666.4552,"Silva Salamanca Roberto","persona","https://dl.dropboxusercontent.com/u/38618778/empresarios2015/male2.jpg","#00FFFF",1
"Sintes Ulloa María del Rosario","circle","F",-939.0036,331.01566,"Sintes Ulloa María del Rosario","persona","https://dl.dropboxusercontent.com/u/38618778/empresarios2015/female2.jpg","#00FFFF",1
"Sodimac","circle",NA,439.46646,-1742.57,"Sodimac","empresa","https://dl.dropboxusercontent.com/u/38618778/empresarios2015/desk.png","#DBF8FF",3
"Sofasa","circle",NA,1427.7456,67.05517,"Sofasa","empresa","https://dl.dropboxusercontent.com/u/38618778/empresarios2015/desk.png","#DBF8FF",3
"Solano Mejía Augusto","circle","M",570.10315,-524.60583,"Solano Mejía Augusto","persona","https://dl.dropboxusercontent.com/u/38618778/empresarios2015/male2.jpg","#00FFFF",1
"Solé Franco Francisco","circle","M",84.87099,7.087279,"Solé Franco Francisco","persona","https://dl.dropboxusercontent.com/u/38618778/empresarios2015/male2.jpg","#00FFFF",1
"Soto Losada Carolina","circle","F",619.1994,-146.5097,"Soto Losada Carolina","persona","https://dl.dropboxusercontent.com/u/38618778/empresarios2015/female2.jpg","#00FFFF",1
"Steiner Sampedro Roberto Ricardo","circle","M",273.894,1252.7717,"Steiner Sampedro Roberto Ricardo","persona","https://dl.dropboxusercontent.com/u/38618778/empresarios2015/male2.jpg","#00FFFF",1
"Steremberg Carvajal Manuel","circle","M",1291.9888,-102.40401,"Steremberg Carvajal Manuel","persona","https://dl.dropboxusercontent.com/u/38618778/empresarios2015/male2.jpg","#00FFFF",1
"Suárez Esparragoza Javier José","circle","M",-1401.387,-667.627,"Suárez Esparragoza Javier José","persona","https://dl.dropboxusercontent.com/u/38618778/empresarios2015/male2.jpg","#00FFFF",1
"Suramericana Seguros de Vida","circle",NA,756.4248,1110.7144,"Suramericana Seguros de Vida","empresa","https://dl.dropboxusercontent.com/u/38618778/empresarios2015/desk.png","#DBF8FF",3
"Tamayo Arango Gustavo","circle","M",-1153.5829,1307.5391,"Tamayo Arango Gustavo","persona","https://dl.dropboxusercontent.com/u/38618778/empresarios2015/male2.jpg","#00FFFF",1
"Telefónica Colombia","circle",NA,1621.2921,-886.9642,"Telefónica Colombia","empresa","https://dl.dropboxusercontent.com/u/38618778/empresarios2015/desk.png","#DBF8FF",3
"Terpel","circle",NA,-493.3682,231.48051,"Terpel","empresa","https://dl.dropboxusercontent.com/u/38618778/empresarios2015/desk.png","#DBF8FF",3
"Tigo","circle",NA,-1773.715,393.52316,"Tigo","empresa","https://dl.dropboxusercontent.com/u/38618778/empresarios2015/desk.png","#DBF8FF",3
"Toro Bridge Mauricio","circle","M",700.46576,1592.6068,"Toro Bridge Mauricio","persona","https://dl.dropboxusercontent.com/u/38618778/empresarios2015/male2.jpg","#00FFFF",1
"Toro Ludeke Christian","circle","M",-1749.3776,520.6304,"Toro Ludeke Christian","persona","https://dl.dropboxusercontent.com/u/38618778/empresarios2015/male2.jpg","#00FFFF",1
"Torres Macías Álvaro","circle","M",-238.5451,-1492.6727,"Torres Macías Álvaro","persona","https://dl.dropboxusercontent.com/u/38618778/empresarios2015/male2.jpg","#00FFFF",1
"Torrontegui Palacios Julen","circle","M",1742.8206,330.83914,"Torrontegui Palacios Julen","persona","https://dl.dropboxusercontent.com/u/38618778/empresarios2015/male2.jpg","#00FFFF",1
"Tovar Pulecio Luisa Fernanda","circle","F",1184.3245,713.94464,"Tovar Pulecio Luisa Fernanda","persona","https://dl.dropboxusercontent.com/u/38618778/empresarios2015/female2.jpg","#00FFFF",1
"Trujillo Tealdo Pablo","circle","M",-561.66156,1540.1967,"Trujillo Tealdo Pablo","persona","https://dl.dropboxusercontent.com/u/38618778/empresarios2015/male2.jpg","#00FFFF",1
"Uribe Arboleda Sergio","circle","M",103.386826,-551.1768,"Uribe Arboleda Sergio","persona","https://dl.dropboxusercontent.com/u/38618778/empresarios2015/male2.jpg","#00FFFF",1
"Varela González Adolfo","circle","M",1202.6218,-630.2178,"Varela González Adolfo","persona","https://dl.dropboxusercontent.com/u/38618778/empresarios2015/male2.jpg","#00FFFF",1
"Velásquez Cock Álvaro de Jesús","circle","M",-100.531,-837.3202,"Velásquez Cock Álvaro de Jesús","persona","https://dl.dropboxusercontent.com/u/38618778/empresarios2015/male2.jpg","#00FFFF",1
"Velásquez Jaramillo Jorge Mario","circle","M",-322.93857,564.6245,"Velásquez Jaramillo Jorge Mario","persona","https://dl.dropboxusercontent.com/u/38618778/empresarios2015/male2.jpg","#00FFFF",1
"Velásquez Uribe Ivan Dario","circle","M",302.44138,-91.58201,"Velásquez Uribe Ivan Dario","persona","https://dl.dropboxusercontent.com/u/38618778/empresarios2015/male2.jpg","#00FFFF",1
"Velásquez Velásquez Eduardo","circle","M",-14.202007,1597.4192,"Velásquez Velásquez Eduardo","persona","https://dl.dropboxusercontent.com/u/38618778/empresarios2015/male2.jpg","#00FFFF",1
"Vélez Cadavid Jose Alberto","circle","M",-3.9388537,660.8336,"Vélez Cadavid Jose Alberto","persona","https://dl.dropboxusercontent.com/u/38618778/empresarios2015/male2.jpg","#00FFFF",1
"Vélez Cadavid José Alberto","circle","M",153.20084,1194.7516,"Vélez Cadavid José Alberto","persona","https://dl.dropboxusercontent.com/u/38618778/empresarios2015/male2.jpg","#00FFFF",1
"Vesga Perdomo Héctor","circle","M",1261.3156,-460.11957,"Vesga Perdomo Héctor","persona","https://dl.dropboxusercontent.com/u/38618778/empresarios2015/male2.jpg","#00FFFF",1
"Villa Gallo Boris","circle","M",197.12944,-1288.0171,"Villa Gallo Boris","persona","https://dl.dropboxusercontent.com/u/38618778/empresarios2015/male2.jpg","#00FFFF",1
"Villaveces Pardo Ricardo","circle","M",1088.5289,-469.68707,"Villaveces Pardo Ricardo","persona","https://dl.dropboxusercontent.com/u/38618778/empresarios2015/male2.jpg","#00FFFF",1
"Villegas Montoya Jorge Iván","circle","M",203.14014,-566.551,"Villegas Montoya Jorge Iván","persona","https://dl.dropboxusercontent.com/u/38618778/empresarios2015/male2.jpg","#00FFFF",1
"Voto Lucia Ferdinando","circle","M",-1155.3953,-1433.1349,"Voto Lucia Ferdinando","persona","https://dl.dropboxusercontent.com/u/38618778/empresarios2015/male2.jpg","#00FFFF",1
"Wulf Urrutia Carlos Nestor","circle","M",-1880.2487,-51.44164,"Wulf Urrutia Carlos Nestor","persona","https://dl.dropboxusercontent.com/u/38618778/empresarios2015/male2.jpg","#00FFFF",1
"Yanovich Farbaiarz Isaac","circle","M",1453.505,-252.98058,"Yanovich Farbaiarz Isaac","persona","https://dl.dropboxusercontent.com/u/38618778/empresarios2015/male2.jpg","#00FFFF",1
"Yanovich Mizrach Jacky","circle","M",-510.57993,1007.8573,"Yanovich Mizrach Jacky","persona","https://dl.dropboxusercontent.com/u/38618778/empresarios2015/male2.jpg","#00FFFF",1
"Yepes Jiménez Carlos Raúl","circle","M",222.81946,1211.4056,"Yepes Jiménez Carlos Raúl","persona","https://dl.dropboxusercontent.com/u/38618778/empresarios2015/male2.jpg","#00FFFF",1
"Yepes S Martin Alonso","circle","M",-25.149776,1429.8213,"Yepes S Martin Alonso","persona","https://dl.dropboxusercontent.com/u/38618778/empresarios2015/male2.jpg","#00FFFF",1
"Zaccour Urdinola Alejandro","circle","M",1243.1074,-45.250206,"Zaccour Urdinola Alejandro","persona","https://dl.dropboxusercontent.com/u/38618778/empresarios2015/male2.jpg","#00FFFF",1
"Zambrano Triviño Lorenzo","circle","M",-779.3189,780.38684,"Zambrano Triviño Lorenzo","persona","https://dl.dropboxusercontent.com/u/38618778/empresarios2015/male2.jpg","#00FFFF",1
"Zamora Ávila Martha Lucía","circle","F",-355.45413,-651.69324,"Zamora Ávila Martha Lucía","persona","https://dl.dropboxusercontent.com/u/38618778/empresarios2015/female2.jpg","#00FFFF",1
"Zaninovich Victoria Dimitri","circle","M",1621.965,-251.7325,"Zaninovich Victoria Dimitri","persona","https://dl.dropboxusercontent.com/u/38618778/empresarios2015/male2.jpg","#00FFFF",1
"Zanotti Cavazzoni Mario Luis","circle","M",-1795.239,266.16367,"Zanotti Cavazzoni Mario Luis","persona","https://dl.dropboxusercontent.com/u/38618778/empresarios2015/male2.jpg","#00FFFF",1
"Zárate Sánchez Gabriel Humberto","circle","M",-1352.4968,-822.7258,"Zárate Sánchez Gabriel Humberto","persona","https://dl.dropboxusercontent.com/u/38618778/empresarios2015/male2.jpg","#00FFFF",1
"Zuloaga Sevilla Ignacio","circle","M",675.46124,-634.114,"Zuloaga Sevilla Ignacio","persona","https://dl.dropboxusercontent.com/u/38618778/empresarios2015/male2.jpg","#00FFFF",1
